<?xml version="1.0" encoding="UTF-8" standalone="yes"?>
<template encoding-version="1.2">
    <description></description>
    <groupId>01a53ec8-e341-1385-9833-62dfc8d9aedd</groupId>
    <name>EDW_Vehicle_1</name>
    <snippet>
        <connections>
            <id>14fa6190-5951-3d7a-0000-000000000000</id>
            <parentGroupId>3f31b40c-a44e-3e39-0000-000000000000</parentGroupId>
            <backPressureDataSizeThreshold>1 GB</backPressureDataSizeThreshold>
            <backPressureObjectThreshold>10000</backPressureObjectThreshold>
            <destination>
                <groupId>3f31b40c-a44e-3e39-0000-000000000000</groupId>
                <id>297d6867-6697-32e4-0000-000000000000</id>
                <type>PROCESSOR</type>
            </destination>
            <flowFileExpiration>0 sec</flowFileExpiration>
            <labelIndex>1</labelIndex>
            <loadBalanceCompression>DO_NOT_COMPRESS</loadBalanceCompression>
            <loadBalancePartitionAttribute></loadBalancePartitionAttribute>
            <loadBalanceStatus>LOAD_BALANCE_NOT_CONFIGURED</loadBalanceStatus>
            <loadBalanceStrategy>DO_NOT_LOAD_BALANCE</loadBalanceStrategy>
            <name></name>
            <selectedRelationships>success</selectedRelationships>
            <source>
                <groupId>3f31b40c-a44e-3e39-0000-000000000000</groupId>
                <id>9f2682ab-93a9-362a-0000-000000000000</id>
                <type>PROCESSOR</type>
            </source>
            <zIndex>0</zIndex>
        </connections>
        <connections>
            <id>158475ac-495b-397b-0000-000000000000</id>
            <parentGroupId>3f31b40c-a44e-3e39-0000-000000000000</parentGroupId>
            <backPressureDataSizeThreshold>1 GB</backPressureDataSizeThreshold>
            <backPressureObjectThreshold>10000</backPressureObjectThreshold>
            <destination>
                <groupId>3f31b40c-a44e-3e39-0000-000000000000</groupId>
                <id>0420e3ad-1f3c-3965-0000-000000000000</id>
                <type>PROCESSOR</type>
            </destination>
            <flowFileExpiration>0 sec</flowFileExpiration>
            <labelIndex>1</labelIndex>
            <loadBalanceCompression>DO_NOT_COMPRESS</loadBalanceCompression>
            <loadBalancePartitionAttribute></loadBalancePartitionAttribute>
            <loadBalanceStatus>LOAD_BALANCE_NOT_CONFIGURED</loadBalanceStatus>
            <loadBalanceStrategy>DO_NOT_LOAD_BALANCE</loadBalanceStrategy>
            <name></name>
            <selectedRelationships>SUCCESS</selectedRelationships>
            <source>
                <groupId>3f31b40c-a44e-3e39-0000-000000000000</groupId>
                <id>e428ff58-f779-314a-0000-000000000000</id>
                <type>PROCESSOR</type>
            </source>
            <zIndex>0</zIndex>
        </connections>
        <connections>
            <id>799f8129-3d09-3956-0000-000000000000</id>
            <parentGroupId>3f31b40c-a44e-3e39-0000-000000000000</parentGroupId>
            <backPressureDataSizeThreshold>1 GB</backPressureDataSizeThreshold>
            <backPressureObjectThreshold>10000</backPressureObjectThreshold>
            <destination>
                <groupId>3f31b40c-a44e-3e39-0000-000000000000</groupId>
                <id>ba54b726-99fe-3abc-0000-000000000000</id>
                <type>PROCESSOR</type>
            </destination>
            <flowFileExpiration>0 sec</flowFileExpiration>
            <labelIndex>1</labelIndex>
            <loadBalanceCompression>DO_NOT_COMPRESS</loadBalanceCompression>
            <loadBalancePartitionAttribute></loadBalancePartitionAttribute>
            <loadBalanceStatus>LOAD_BALANCE_NOT_CONFIGURED</loadBalanceStatus>
            <loadBalanceStrategy>DO_NOT_LOAD_BALANCE</loadBalanceStrategy>
            <name></name>
            <selectedRelationships>success</selectedRelationships>
            <source>
                <groupId>3f31b40c-a44e-3e39-0000-000000000000</groupId>
                <id>c9bca158-50fb-306d-0000-000000000000</id>
                <type>PROCESSOR</type>
            </source>
            <zIndex>0</zIndex>
        </connections>
        <connections>
            <id>e08ed207-f08e-3e69-0000-000000000000</id>
            <parentGroupId>3f31b40c-a44e-3e39-0000-000000000000</parentGroupId>
            <backPressureDataSizeThreshold>1 GB</backPressureDataSizeThreshold>
            <backPressureObjectThreshold>10000</backPressureObjectThreshold>
            <destination>
                <groupId>3f31b40c-a44e-3e39-0000-000000000000</groupId>
                <id>c2037f6b-b87a-3278-0000-000000000000</id>
                <type>PROCESSOR</type>
            </destination>
            <flowFileExpiration>0 sec</flowFileExpiration>
            <labelIndex>1</labelIndex>
            <loadBalanceCompression>DO_NOT_COMPRESS</loadBalanceCompression>
            <loadBalancePartitionAttribute></loadBalancePartitionAttribute>
            <loadBalanceStatus>LOAD_BALANCE_NOT_CONFIGURED</loadBalanceStatus>
            <loadBalanceStrategy>DO_NOT_LOAD_BALANCE</loadBalanceStrategy>
            <name></name>
            <selectedRelationships>success</selectedRelationships>
            <source>
                <groupId>3f31b40c-a44e-3e39-0000-000000000000</groupId>
                <id>0420e3ad-1f3c-3965-0000-000000000000</id>
                <type>PROCESSOR</type>
            </source>
            <zIndex>0</zIndex>
        </connections>
        <connections>
            <id>e2f607ba-159b-3394-0000-000000000000</id>
            <parentGroupId>3f31b40c-a44e-3e39-0000-000000000000</parentGroupId>
            <backPressureDataSizeThreshold>1 GB</backPressureDataSizeThreshold>
            <backPressureObjectThreshold>10000</backPressureObjectThreshold>
            <destination>
                <groupId>3f31b40c-a44e-3e39-0000-000000000000</groupId>
                <id>e428ff58-f779-314a-0000-000000000000</id>
                <type>PROCESSOR</type>
            </destination>
            <flowFileExpiration>0 sec</flowFileExpiration>
            <labelIndex>1</labelIndex>
            <loadBalanceCompression>DO_NOT_COMPRESS</loadBalanceCompression>
            <loadBalancePartitionAttribute></loadBalancePartitionAttribute>
            <loadBalanceStatus>LOAD_BALANCE_NOT_CONFIGURED</loadBalanceStatus>
            <loadBalanceStrategy>DO_NOT_LOAD_BALANCE</loadBalanceStrategy>
            <name></name>
            <selectedRelationships>success</selectedRelationships>
            <source>
                <groupId>3f31b40c-a44e-3e39-0000-000000000000</groupId>
                <id>ba54b726-99fe-3abc-0000-000000000000</id>
                <type>PROCESSOR</type>
            </source>
            <zIndex>0</zIndex>
        </connections>
        <connections>
            <id>e7e9d08a-0cc6-316c-0000-000000000000</id>
            <parentGroupId>3f31b40c-a44e-3e39-0000-000000000000</parentGroupId>
            <backPressureDataSizeThreshold>1 GB</backPressureDataSizeThreshold>
            <backPressureObjectThreshold>10000</backPressureObjectThreshold>
            <destination>
                <groupId>3f31b40c-a44e-3e39-0000-000000000000</groupId>
                <id>1813b89d-e2d0-3f4a-0000-000000000000</id>
                <type>PROCESSOR</type>
            </destination>
            <flowFileExpiration>0 sec</flowFileExpiration>
            <labelIndex>1</labelIndex>
            <loadBalanceCompression>DO_NOT_COMPRESS</loadBalanceCompression>
            <loadBalancePartitionAttribute></loadBalancePartitionAttribute>
            <loadBalanceStatus>LOAD_BALANCE_NOT_CONFIGURED</loadBalanceStatus>
            <loadBalanceStrategy>DO_NOT_LOAD_BALANCE</loadBalanceStrategy>
            <name></name>
            <selectedRelationships>success</selectedRelationships>
            <source>
                <groupId>3f31b40c-a44e-3e39-0000-000000000000</groupId>
                <id>297d6867-6697-32e4-0000-000000000000</id>
                <type>PROCESSOR</type>
            </source>
            <zIndex>0</zIndex>
        </connections>
        <controllerServices>
            <id>53363032-8421-30e7-0000-000000000000</id>
            <parentGroupId>3f31b40c-a44e-3e39-0000-000000000000</parentGroupId>
            <bundle>
                <artifact>nifi-dbcp-service-nar</artifact>
                <group>org.apache.nifi</group>
                <version>1.9.0.1.0.0.0-90</version>
            </bundle>
            <comments></comments>
            <descriptors>
                <entry>
                    <key>Database Connection URL</key>
                    <value>
                        <name>Database Connection URL</name>
                    </value>
                </entry>
                <entry>
                    <key>Database Driver Class Name</key>
                    <value>
                        <name>Database Driver Class Name</name>
                    </value>
                </entry>
                <entry>
                    <key>database-driver-locations</key>
                    <value>
                        <name>database-driver-locations</name>
                    </value>
                </entry>
                <entry>
                    <key>kerberos-credentials-service</key>
                    <value>
                        <identifiesControllerService>org.apache.nifi.kerberos.KerberosCredentialsService</identifiesControllerService>
                        <name>kerberos-credentials-service</name>
                    </value>
                </entry>
                <entry>
                    <key>Database User</key>
                    <value>
                        <name>Database User</name>
                    </value>
                </entry>
                <entry>
                    <key>Password</key>
                    <value>
                        <name>Password</name>
                    </value>
                </entry>
                <entry>
                    <key>Max Wait Time</key>
                    <value>
                        <name>Max Wait Time</name>
                    </value>
                </entry>
                <entry>
                    <key>Max Total Connections</key>
                    <value>
                        <name>Max Total Connections</name>
                    </value>
                </entry>
                <entry>
                    <key>Validation-query</key>
                    <value>
                        <name>Validation-query</name>
                    </value>
                </entry>
                <entry>
                    <key>dbcp-min-idle-conns</key>
                    <value>
                        <name>dbcp-min-idle-conns</name>
                    </value>
                </entry>
                <entry>
                    <key>dbcp-max-idle-conns</key>
                    <value>
                        <name>dbcp-max-idle-conns</name>
                    </value>
                </entry>
                <entry>
                    <key>dbcp-max-conn-lifetime</key>
                    <value>
                        <name>dbcp-max-conn-lifetime</name>
                    </value>
                </entry>
                <entry>
                    <key>dbcp-time-between-eviction-runs</key>
                    <value>
                        <name>dbcp-time-between-eviction-runs</name>
                    </value>
                </entry>
                <entry>
                    <key>dbcp-min-evictable-idle-time</key>
                    <value>
                        <name>dbcp-min-evictable-idle-time</name>
                    </value>
                </entry>
                <entry>
                    <key>dbcp-soft-min-evictable-idle-time</key>
                    <value>
                        <name>dbcp-soft-min-evictable-idle-time</name>
                    </value>
                </entry>
            </descriptors>
            <name>DBCPConnectionPool2</name>
            <persistsState>false</persistsState>
            <properties>
                <entry>
                    <key>Database Connection URL</key>
                    <value>jdbc:oracle:thin:@172.16.90.203:1523:sbiprd</value>
                </entry>
                <entry>
                    <key>Database Driver Class Name</key>
                    <value>oracle.jdbc.driver.OracleDriver</value>
                </entry>
                <entry>
                    <key>database-driver-locations</key>
                    <value>/tmp/ojdbc7.jar</value>
                </entry>
                <entry>
                    <key>kerberos-credentials-service</key>
                </entry>
                <entry>
                    <key>Database User</key>
                    <value>Olap_ro</value>
                </entry>
                <entry>
                    <key>Password</key>
                </entry>
                <entry>
                    <key>Max Wait Time</key>
                    <value>500 millis</value>
                </entry>
                <entry>
                    <key>Max Total Connections</key>
                    <value>8</value>
                </entry>
                <entry>
                    <key>Validation-query</key>
                </entry>
                <entry>
                    <key>dbcp-min-idle-conns</key>
                    <value>0</value>
                </entry>
                <entry>
                    <key>dbcp-max-idle-conns</key>
                    <value>8</value>
                </entry>
                <entry>
                    <key>dbcp-max-conn-lifetime</key>
                    <value>-1</value>
                </entry>
                <entry>
                    <key>dbcp-time-between-eviction-runs</key>
                    <value>-1</value>
                </entry>
                <entry>
                    <key>dbcp-min-evictable-idle-time</key>
                    <value>30 mins</value>
                </entry>
                <entry>
                    <key>dbcp-soft-min-evictable-idle-time</key>
                    <value>-1</value>
                </entry>
            </properties>
            <state>ENABLING</state>
            <type>org.apache.nifi.dbcp.DBCPConnectionPool</type>
        </controllerServices>
        <controllerServices>
            <id>78b3aefd-4455-38c4-0000-000000000000</id>
            <parentGroupId>3f31b40c-a44e-3e39-0000-000000000000</parentGroupId>
            <bundle>
                <artifact>nifi-record-serialization-services-nar</artifact>
                <group>org.apache.nifi</group>
                <version>1.9.0.1.0.0.0-90</version>
            </bundle>
            <comments></comments>
            <descriptors>
                <entry>
                    <key>schema-access-strategy</key>
                    <value>
                        <name>schema-access-strategy</name>
                    </value>
                </entry>
                <entry>
                    <key>schema-registry</key>
                    <value>
                        <identifiesControllerService>org.apache.nifi.schemaregistry.services.SchemaRegistry</identifiesControllerService>
                        <name>schema-registry</name>
                    </value>
                </entry>
                <entry>
                    <key>schema-name</key>
                    <value>
                        <name>schema-name</name>
                    </value>
                </entry>
                <entry>
                    <key>schema-version</key>
                    <value>
                        <name>schema-version</name>
                    </value>
                </entry>
                <entry>
                    <key>schema-branch</key>
                    <value>
                        <name>schema-branch</name>
                    </value>
                </entry>
                <entry>
                    <key>schema-text</key>
                    <value>
                        <name>schema-text</name>
                    </value>
                </entry>
                <entry>
                    <key>cache-size</key>
                    <value>
                        <name>cache-size</name>
                    </value>
                </entry>
            </descriptors>
            <name>AvroReader</name>
            <persistsState>false</persistsState>
            <properties>
                <entry>
                    <key>schema-access-strategy</key>
                    <value>embedded-avro-schema</value>
                </entry>
                <entry>
                    <key>schema-registry</key>
                </entry>
                <entry>
                    <key>schema-name</key>
                    <value>${schema.name}</value>
                </entry>
                <entry>
                    <key>schema-version</key>
                </entry>
                <entry>
                    <key>schema-branch</key>
                </entry>
                <entry>
                    <key>schema-text</key>
                    <value>${avro.schema}</value>
                </entry>
                <entry>
                    <key>cache-size</key>
                    <value>1000</value>
                </entry>
            </properties>
            <state>ENABLED</state>
            <type>org.apache.nifi.avro.AvroReader</type>
        </controllerServices>
        <controllerServices>
            <id>8c7aaf81-947c-35ea-0000-000000000000</id>
            <parentGroupId>3f31b40c-a44e-3e39-0000-000000000000</parentGroupId>
            <bundle>
                <artifact>nifi-record-serialization-services-nar</artifact>
                <group>org.apache.nifi</group>
                <version>1.9.0.1.0.0.0-90</version>
            </bundle>
            <comments></comments>
            <descriptors>
                <entry>
                    <key>Schema Write Strategy</key>
                    <value>
                        <name>Schema Write Strategy</name>
                    </value>
                </entry>
                <entry>
                    <key>schema-cache</key>
                    <value>
                        <identifiesControllerService>org.apache.nifi.serialization.RecordSchemaCacheService</identifiesControllerService>
                        <name>schema-cache</name>
                    </value>
                </entry>
                <entry>
                    <key>schema-access-strategy</key>
                    <value>
                        <name>schema-access-strategy</name>
                    </value>
                </entry>
                <entry>
                    <key>schema-registry</key>
                    <value>
                        <identifiesControllerService>org.apache.nifi.schemaregistry.services.SchemaRegistry</identifiesControllerService>
                        <name>schema-registry</name>
                    </value>
                </entry>
                <entry>
                    <key>schema-name</key>
                    <value>
                        <name>schema-name</name>
                    </value>
                </entry>
                <entry>
                    <key>schema-version</key>
                    <value>
                        <name>schema-version</name>
                    </value>
                </entry>
                <entry>
                    <key>schema-branch</key>
                    <value>
                        <name>schema-branch</name>
                    </value>
                </entry>
                <entry>
                    <key>schema-text</key>
                    <value>
                        <name>schema-text</name>
                    </value>
                </entry>
                <entry>
                    <key>Date Format</key>
                    <value>
                        <name>Date Format</name>
                    </value>
                </entry>
                <entry>
                    <key>Time Format</key>
                    <value>
                        <name>Time Format</name>
                    </value>
                </entry>
                <entry>
                    <key>Timestamp Format</key>
                    <value>
                        <name>Timestamp Format</name>
                    </value>
                </entry>
                <entry>
                    <key>CSV Format</key>
                    <value>
                        <name>CSV Format</name>
                    </value>
                </entry>
                <entry>
                    <key>Value Separator</key>
                    <value>
                        <name>Value Separator</name>
                    </value>
                </entry>
                <entry>
                    <key>Include Header Line</key>
                    <value>
                        <name>Include Header Line</name>
                    </value>
                </entry>
                <entry>
                    <key>Quote Character</key>
                    <value>
                        <name>Quote Character</name>
                    </value>
                </entry>
                <entry>
                    <key>Escape Character</key>
                    <value>
                        <name>Escape Character</name>
                    </value>
                </entry>
                <entry>
                    <key>Comment Marker</key>
                    <value>
                        <name>Comment Marker</name>
                    </value>
                </entry>
                <entry>
                    <key>Null String</key>
                    <value>
                        <name>Null String</name>
                    </value>
                </entry>
                <entry>
                    <key>Trim Fields</key>
                    <value>
                        <name>Trim Fields</name>
                    </value>
                </entry>
                <entry>
                    <key>Quote Mode</key>
                    <value>
                        <name>Quote Mode</name>
                    </value>
                </entry>
                <entry>
                    <key>Record Separator</key>
                    <value>
                        <name>Record Separator</name>
                    </value>
                </entry>
                <entry>
                    <key>Include Trailing Delimiter</key>
                    <value>
                        <name>Include Trailing Delimiter</name>
                    </value>
                </entry>
                <entry>
                    <key>csvutils-character-set</key>
                    <value>
                        <name>csvutils-character-set</name>
                    </value>
                </entry>
            </descriptors>
            <name>CSVRecordSetWriter</name>
            <persistsState>false</persistsState>
            <properties>
                <entry>
                    <key>Schema Write Strategy</key>
                    <value>no-schema</value>
                </entry>
                <entry>
                    <key>schema-cache</key>
                </entry>
                <entry>
                    <key>schema-access-strategy</key>
                    <value>inherit-record-schema</value>
                </entry>
                <entry>
                    <key>schema-registry</key>
                </entry>
                <entry>
                    <key>schema-name</key>
                    <value>${schema.name}</value>
                </entry>
                <entry>
                    <key>schema-version</key>
                </entry>
                <entry>
                    <key>schema-branch</key>
                </entry>
                <entry>
                    <key>schema-text</key>
                    <value>${avro.schema}</value>
                </entry>
                <entry>
                    <key>Date Format</key>
                </entry>
                <entry>
                    <key>Time Format</key>
                </entry>
                <entry>
                    <key>Timestamp Format</key>
                </entry>
                <entry>
                    <key>CSV Format</key>
                    <value>custom</value>
                </entry>
                <entry>
                    <key>Value Separator</key>
                    <value>,</value>
                </entry>
                <entry>
                    <key>Include Header Line</key>
                    <value>true</value>
                </entry>
                <entry>
                    <key>Quote Character</key>
                    <value>"</value>
                </entry>
                <entry>
                    <key>Escape Character</key>
                    <value>\</value>
                </entry>
                <entry>
                    <key>Comment Marker</key>
                </entry>
                <entry>
                    <key>Null String</key>
                </entry>
                <entry>
                    <key>Trim Fields</key>
                    <value>true</value>
                </entry>
                <entry>
                    <key>Quote Mode</key>
                    <value>MINIMAL</value>
                </entry>
                <entry>
                    <key>Record Separator</key>
                    <value>\n</value>
                </entry>
                <entry>
                    <key>Include Trailing Delimiter</key>
                    <value>false</value>
                </entry>
                <entry>
                    <key>csvutils-character-set</key>
                    <value>UTF-8</value>
                </entry>
            </properties>
            <state>ENABLED</state>
            <type>org.apache.nifi.csv.CSVRecordSetWriter</type>
        </controllerServices>
        <processors>
            <id>0420e3ad-1f3c-3965-0000-000000000000</id>
            <parentGroupId>3f31b40c-a44e-3e39-0000-000000000000</parentGroupId>
            <position>
                <x>516.4691753387451</x>
                <y>465.80921716282705</y>
            </position>
            <bundle>
                <artifact>nifi-update-attribute-nar</artifact>
                <group>org.apache.nifi</group>
                <version>1.9.0.1.0.0.0-90</version>
            </bundle>
            <config>
                <bulletinLevel>WARN</bulletinLevel>
                <comments></comments>
                <concurrentlySchedulableTaskCount>1</concurrentlySchedulableTaskCount>
                <descriptors>
                    <entry>
                        <key>Delete Attributes Expression</key>
                        <value>
                            <name>Delete Attributes Expression</name>
                        </value>
                    </entry>
                    <entry>
                        <key>Store State</key>
                        <value>
                            <name>Store State</name>
                        </value>
                    </entry>
                    <entry>
                        <key>Stateful Variables Initial Value</key>
                        <value>
                            <name>Stateful Variables Initial Value</name>
                        </value>
                    </entry>
                    <entry>
                        <key>canonical-value-lookup-cache-size</key>
                        <value>
                            <name>canonical-value-lookup-cache-size</name>
                        </value>
                    </entry>
                    <entry>
                        <key>filename</key>
                        <value>
                            <name>filename</name>
                        </value>
                    </entry>
                </descriptors>
                <executionNode>ALL</executionNode>
                <lossTolerant>false</lossTolerant>
                <penaltyDuration>30 sec</penaltyDuration>
                <properties>
                    <entry>
                        <key>Delete Attributes Expression</key>
                    </entry>
                    <entry>
                        <key>Store State</key>
                        <value>Do not store state</value>
                    </entry>
                    <entry>
                        <key>Stateful Variables Initial Value</key>
                    </entry>
                    <entry>
                        <key>canonical-value-lookup-cache-size</key>
                        <value>100</value>
                    </entry>
                    <entry>
                        <key>filename</key>
                        <value>${filename:prepend(${nextInt()}):append('.json')}
</value>
                    </entry>
                </properties>
                <runDurationMillis>0</runDurationMillis>
                <schedulingPeriod>0 sec</schedulingPeriod>
                <schedulingStrategy>TIMER_DRIVEN</schedulingStrategy>
                <yieldDuration>1 sec</yieldDuration>
            </config>
            <executionNodeRestricted>false</executionNodeRestricted>
            <name>UpdateAttribute</name>
            <relationships>
                <autoTerminate>false</autoTerminate>
                <name>success</name>
            </relationships>
            <state>DISABLED</state>
            <style/>
            <type>org.apache.nifi.processors.attributes.UpdateAttribute</type>
        </processors>
        <processors>
            <id>1813b89d-e2d0-3f4a-0000-000000000000</id>
            <parentGroupId>3f31b40c-a44e-3e39-0000-000000000000</parentGroupId>
            <position>
                <x>1090.4691753387451</x>
                <y>304.0000168759618</y>
            </position>
            <bundle>
                <artifact>nifi-hadoop-nar</artifact>
                <group>org.apache.nifi</group>
                <version>1.9.0.1.0.0.0-90</version>
            </bundle>
            <config>
                <bulletinLevel>WARN</bulletinLevel>
                <comments></comments>
                <concurrentlySchedulableTaskCount>1</concurrentlySchedulableTaskCount>
                <descriptors>
                    <entry>
                        <key>Hadoop Configuration Resources</key>
                        <value>
                            <name>Hadoop Configuration Resources</name>
                        </value>
                    </entry>
                    <entry>
                        <key>kerberos-credentials-service</key>
                        <value>
                            <identifiesControllerService>org.apache.nifi.kerberos.KerberosCredentialsService</identifiesControllerService>
                            <name>kerberos-credentials-service</name>
                        </value>
                    </entry>
                    <entry>
                        <key>Kerberos Principal</key>
                        <value>
                            <name>Kerberos Principal</name>
                        </value>
                    </entry>
                    <entry>
                        <key>Kerberos Keytab</key>
                        <value>
                            <name>Kerberos Keytab</name>
                        </value>
                    </entry>
                    <entry>
                        <key>Kerberos Relogin Period</key>
                        <value>
                            <name>Kerberos Relogin Period</name>
                        </value>
                    </entry>
                    <entry>
                        <key>Additional Classpath Resources</key>
                        <value>
                            <name>Additional Classpath Resources</name>
                        </value>
                    </entry>
                    <entry>
                        <key>Directory</key>
                        <value>
                            <name>Directory</name>
                        </value>
                    </entry>
                    <entry>
                        <key>Conflict Resolution Strategy</key>
                        <value>
                            <name>Conflict Resolution Strategy</name>
                        </value>
                    </entry>
                    <entry>
                        <key>Block Size</key>
                        <value>
                            <name>Block Size</name>
                        </value>
                    </entry>
                    <entry>
                        <key>IO Buffer Size</key>
                        <value>
                            <name>IO Buffer Size</name>
                        </value>
                    </entry>
                    <entry>
                        <key>Replication</key>
                        <value>
                            <name>Replication</name>
                        </value>
                    </entry>
                    <entry>
                        <key>Permissions umask</key>
                        <value>
                            <name>Permissions umask</name>
                        </value>
                    </entry>
                    <entry>
                        <key>Remote Owner</key>
                        <value>
                            <name>Remote Owner</name>
                        </value>
                    </entry>
                    <entry>
                        <key>Remote Group</key>
                        <value>
                            <name>Remote Group</name>
                        </value>
                    </entry>
                    <entry>
                        <key>Compression codec</key>
                        <value>
                            <name>Compression codec</name>
                        </value>
                    </entry>
                </descriptors>
                <executionNode>ALL</executionNode>
                <lossTolerant>false</lossTolerant>
                <penaltyDuration>30 sec</penaltyDuration>
                <properties>
                    <entry>
                        <key>Hadoop Configuration Resources</key>
                        <value>/etc/hadoop/conf/core-site.xml,/etc/hadoop/conf/hdfs-site.xml</value>
                    </entry>
                    <entry>
                        <key>kerberos-credentials-service</key>
                    </entry>
                    <entry>
                        <key>Kerberos Principal</key>
                        <value>nifi/gw1-appcloud.pvt.su150.cazena.com@CAZENA.INTERNAL</value>
                    </entry>
                    <entry>
                        <key>Kerberos Keytab</key>
                        <value>/run/cloudera-scm-agent/process/251-nifi-NIFI_NODE/nifi.keytab</value>
                    </entry>
                    <entry>
                        <key>Kerberos Relogin Period</key>
                        <value>4 hours</value>
                    </entry>
                    <entry>
                        <key>Additional Classpath Resources</key>
                    </entry>
                    <entry>
                        <key>Directory</key>
                        <value>/raw/edw/w_vehicle_d_stg</value>
                    </entry>
                    <entry>
                        <key>Conflict Resolution Strategy</key>
                        <value>fail</value>
                    </entry>
                    <entry>
                        <key>Block Size</key>
                    </entry>
                    <entry>
                        <key>IO Buffer Size</key>
                    </entry>
                    <entry>
                        <key>Replication</key>
                    </entry>
                    <entry>
                        <key>Permissions umask</key>
                    </entry>
                    <entry>
                        <key>Remote Owner</key>
                    </entry>
                    <entry>
                        <key>Remote Group</key>
                    </entry>
                    <entry>
                        <key>Compression codec</key>
                        <value>NONE</value>
                    </entry>
                </properties>
                <runDurationMillis>0</runDurationMillis>
                <schedulingPeriod>0 sec</schedulingPeriod>
                <schedulingStrategy>TIMER_DRIVEN</schedulingStrategy>
                <yieldDuration>1 sec</yieldDuration>
            </config>
            <executionNodeRestricted>false</executionNodeRestricted>
            <name>PutHDFS</name>
            <relationships>
                <autoTerminate>true</autoTerminate>
                <name>failure</name>
            </relationships>
            <relationships>
                <autoTerminate>true</autoTerminate>
                <name>success</name>
            </relationships>
            <state>STOPPED</state>
            <style/>
            <type>org.apache.nifi.processors.hadoop.PutHDFS</type>
        </processors>
        <processors>
            <id>297d6867-6697-32e4-0000-000000000000</id>
            <parentGroupId>3f31b40c-a44e-3e39-0000-000000000000</parentGroupId>
            <position>
                <x>1067.4691753387451</x>
                <y>102.0000125844274</y>
            </position>
            <bundle>
                <artifact>nifi-standard-nar</artifact>
                <group>org.apache.nifi</group>
                <version>1.9.0.1.0.0.0-90</version>
            </bundle>
            <config>
                <bulletinLevel>WARN</bulletinLevel>
                <comments></comments>
                <concurrentlySchedulableTaskCount>1</concurrentlySchedulableTaskCount>
                <descriptors>
                    <entry>
                        <key>record-reader</key>
                        <value>
                            <identifiesControllerService>org.apache.nifi.serialization.RecordReaderFactory</identifiesControllerService>
                            <name>record-reader</name>
                        </value>
                    </entry>
                    <entry>
                        <key>record-writer</key>
                        <value>
                            <identifiesControllerService>org.apache.nifi.serialization.RecordSetWriterFactory</identifiesControllerService>
                            <name>record-writer</name>
                        </value>
                    </entry>
                    <entry>
                        <key>include-zero-record-flowfiles</key>
                        <value>
                            <name>include-zero-record-flowfiles</name>
                        </value>
                    </entry>
                </descriptors>
                <executionNode>ALL</executionNode>
                <lossTolerant>false</lossTolerant>
                <penaltyDuration>30 sec</penaltyDuration>
                <properties>
                    <entry>
                        <key>record-reader</key>
                        <value>78b3aefd-4455-38c4-0000-000000000000</value>
                    </entry>
                    <entry>
                        <key>record-writer</key>
                        <value>8c7aaf81-947c-35ea-0000-000000000000</value>
                    </entry>
                    <entry>
                        <key>include-zero-record-flowfiles</key>
                        <value>true</value>
                    </entry>
                </properties>
                <runDurationMillis>0</runDurationMillis>
                <schedulingPeriod>0 sec</schedulingPeriod>
                <schedulingStrategy>TIMER_DRIVEN</schedulingStrategy>
                <yieldDuration>1 sec</yieldDuration>
            </config>
            <executionNodeRestricted>false</executionNodeRestricted>
            <name>ConvertRecord</name>
            <relationships>
                <autoTerminate>true</autoTerminate>
                <name>failure</name>
            </relationships>
            <relationships>
                <autoTerminate>false</autoTerminate>
                <name>success</name>
            </relationships>
            <state>STOPPED</state>
            <style/>
            <type>org.apache.nifi.processors.standard.ConvertRecord</type>
        </processors>
        <processors>
            <id>9f2682ab-93a9-362a-0000-000000000000</id>
            <parentGroupId>3f31b40c-a44e-3e39-0000-000000000000</parentGroupId>
            <position>
                <x>501.4691753387451</x>
                <y>104.00001496861319</y>
            </position>
            <bundle>
                <artifact>nifi-standard-nar</artifact>
                <group>org.apache.nifi</group>
                <version>1.9.0.1.0.0.0-90</version>
            </bundle>
            <config>
                <bulletinLevel>WARN</bulletinLevel>
                <comments></comments>
                <concurrentlySchedulableTaskCount>1</concurrentlySchedulableTaskCount>
                <descriptors>
                    <entry>
                        <key>Database Connection Pooling Service</key>
                        <value>
                            <identifiesControllerService>org.apache.nifi.dbcp.DBCPService</identifiesControllerService>
                            <name>Database Connection Pooling Service</name>
                        </value>
                    </entry>
                    <entry>
                        <key>sql-pre-query</key>
                        <value>
                            <name>sql-pre-query</name>
                        </value>
                    </entry>
                    <entry>
                        <key>SQL select query</key>
                        <value>
                            <name>SQL select query</name>
                        </value>
                    </entry>
                    <entry>
                        <key>sql-post-query</key>
                        <value>
                            <name>sql-post-query</name>
                        </value>
                    </entry>
                    <entry>
                        <key>Max Wait Time</key>
                        <value>
                            <name>Max Wait Time</name>
                        </value>
                    </entry>
                    <entry>
                        <key>dbf-normalize</key>
                        <value>
                            <name>dbf-normalize</name>
                        </value>
                    </entry>
                    <entry>
                        <key>dbf-user-logical-types</key>
                        <value>
                            <name>dbf-user-logical-types</name>
                        </value>
                    </entry>
                    <entry>
                        <key>compression-format</key>
                        <value>
                            <name>compression-format</name>
                        </value>
                    </entry>
                    <entry>
                        <key>dbf-default-precision</key>
                        <value>
                            <name>dbf-default-precision</name>
                        </value>
                    </entry>
                    <entry>
                        <key>dbf-default-scale</key>
                        <value>
                            <name>dbf-default-scale</name>
                        </value>
                    </entry>
                    <entry>
                        <key>esql-max-rows</key>
                        <value>
                            <name>esql-max-rows</name>
                        </value>
                    </entry>
                    <entry>
                        <key>esql-output-batch-size</key>
                        <value>
                            <name>esql-output-batch-size</name>
                        </value>
                    </entry>
                </descriptors>
                <executionNode>ALL</executionNode>
                <lossTolerant>false</lossTolerant>
                <penaltyDuration>30 sec</penaltyDuration>
                <properties>
                    <entry>
                        <key>Database Connection Pooling Service</key>
                        <value>53363032-8421-30e7-0000-000000000000</value>
                    </entry>
                    <entry>
                        <key>sql-pre-query</key>
                    </entry>
                    <entry>
                        <key>SQL select query</key>
                        <value>select * from subaru.w_vehicle_d v where v.tm_enable_flg = 'Y'   OFFSET 20 ROWS FETCH NEXT 5 ROWS ONLY</value>
                    </entry>
                    <entry>
                        <key>sql-post-query</key>
                    </entry>
                    <entry>
                        <key>Max Wait Time</key>
                        <value>0 seconds</value>
                    </entry>
                    <entry>
                        <key>dbf-normalize</key>
                        <value>false</value>
                    </entry>
                    <entry>
                        <key>dbf-user-logical-types</key>
                        <value>true</value>
                    </entry>
                    <entry>
                        <key>compression-format</key>
                        <value>NONE</value>
                    </entry>
                    <entry>
                        <key>dbf-default-precision</key>
                        <value>10</value>
                    </entry>
                    <entry>
                        <key>dbf-default-scale</key>
                        <value>0</value>
                    </entry>
                    <entry>
                        <key>esql-max-rows</key>
                        <value>200</value>
                    </entry>
                    <entry>
                        <key>esql-output-batch-size</key>
                        <value>10</value>
                    </entry>
                </properties>
                <runDurationMillis>0</runDurationMillis>
                <schedulingPeriod>86400 sec</schedulingPeriod>
                <schedulingStrategy>TIMER_DRIVEN</schedulingStrategy>
                <yieldDuration>1 sec</yieldDuration>
            </config>
            <executionNodeRestricted>false</executionNodeRestricted>
            <name>ExecuteSQL</name>
            <relationships>
                <autoTerminate>true</autoTerminate>
                <name>failure</name>
            </relationships>
            <relationships>
                <autoTerminate>false</autoTerminate>
                <name>success</name>
            </relationships>
            <state>STOPPED</state>
            <style/>
            <type>org.apache.nifi.processors.standard.ExecuteSQL</type>
        </processors>
        <processors>
            <id>ba54b726-99fe-3abc-0000-000000000000</id>
            <parentGroupId>3f31b40c-a44e-3e39-0000-000000000000</parentGroupId>
            <position>
                <x>0.4241313934326172</x>
                <y>246.1209351498876</y>
            </position>
            <bundle>
                <artifact>nifi-avro-nar</artifact>
                <group>org.apache.nifi</group>
                <version>1.9.0.1.0.0.0-90</version>
            </bundle>
            <config>
                <bulletinLevel>WARN</bulletinLevel>
                <comments></comments>
                <concurrentlySchedulableTaskCount>1</concurrentlySchedulableTaskCount>
                <descriptors>
                    <entry>
                        <key>JSON container options</key>
                        <value>
                            <name>JSON container options</name>
                        </value>
                    </entry>
                    <entry>
                        <key>Wrap Single Record</key>
                        <value>
                            <name>Wrap Single Record</name>
                        </value>
                    </entry>
                    <entry>
                        <key>Avro schema</key>
                        <value>
                            <name>Avro schema</name>
                        </value>
                    </entry>
                </descriptors>
                <executionNode>ALL</executionNode>
                <lossTolerant>false</lossTolerant>
                <penaltyDuration>30 sec</penaltyDuration>
                <properties>
                    <entry>
                        <key>JSON container options</key>
                        <value>array</value>
                    </entry>
                    <entry>
                        <key>Wrap Single Record</key>
                        <value>false</value>
                    </entry>
                    <entry>
                        <key>Avro schema</key>
                    </entry>
                </properties>
                <runDurationMillis>0</runDurationMillis>
                <schedulingPeriod>0 sec</schedulingPeriod>
                <schedulingStrategy>TIMER_DRIVEN</schedulingStrategy>
                <yieldDuration>1 sec</yieldDuration>
            </config>
            <executionNodeRestricted>false</executionNodeRestricted>
            <name>ConvertAvroToJSON</name>
            <relationships>
                <autoTerminate>true</autoTerminate>
                <name>failure</name>
            </relationships>
            <relationships>
                <autoTerminate>false</autoTerminate>
                <name>success</name>
            </relationships>
            <state>DISABLED</state>
            <style/>
            <type>org.apache.nifi.processors.avro.ConvertAvroToJSON</type>
        </processors>
        <processors>
            <id>c2037f6b-b87a-3278-0000-000000000000</id>
            <parentGroupId>3f31b40c-a44e-3e39-0000-000000000000</parentGroupId>
            <position>
                <x>1040.4169030660562</x>
                <y>468.1724236011505</y>
            </position>
            <bundle>
                <artifact>nifi-hadoop-nar</artifact>
                <group>org.apache.nifi</group>
                <version>1.9.0.1.0.0.0-90</version>
            </bundle>
            <config>
                <bulletinLevel>WARN</bulletinLevel>
                <comments></comments>
                <concurrentlySchedulableTaskCount>1</concurrentlySchedulableTaskCount>
                <descriptors>
                    <entry>
                        <key>Hadoop Configuration Resources</key>
                        <value>
                            <name>Hadoop Configuration Resources</name>
                        </value>
                    </entry>
                    <entry>
                        <key>kerberos-credentials-service</key>
                        <value>
                            <identifiesControllerService>org.apache.nifi.kerberos.KerberosCredentialsService</identifiesControllerService>
                            <name>kerberos-credentials-service</name>
                        </value>
                    </entry>
                    <entry>
                        <key>Kerberos Principal</key>
                        <value>
                            <name>Kerberos Principal</name>
                        </value>
                    </entry>
                    <entry>
                        <key>Kerberos Keytab</key>
                        <value>
                            <name>Kerberos Keytab</name>
                        </value>
                    </entry>
                    <entry>
                        <key>Kerberos Relogin Period</key>
                        <value>
                            <name>Kerberos Relogin Period</name>
                        </value>
                    </entry>
                    <entry>
                        <key>Additional Classpath Resources</key>
                        <value>
                            <name>Additional Classpath Resources</name>
                        </value>
                    </entry>
                    <entry>
                        <key>Directory</key>
                        <value>
                            <name>Directory</name>
                        </value>
                    </entry>
                    <entry>
                        <key>Conflict Resolution Strategy</key>
                        <value>
                            <name>Conflict Resolution Strategy</name>
                        </value>
                    </entry>
                    <entry>
                        <key>Block Size</key>
                        <value>
                            <name>Block Size</name>
                        </value>
                    </entry>
                    <entry>
                        <key>IO Buffer Size</key>
                        <value>
                            <name>IO Buffer Size</name>
                        </value>
                    </entry>
                    <entry>
                        <key>Replication</key>
                        <value>
                            <name>Replication</name>
                        </value>
                    </entry>
                    <entry>
                        <key>Permissions umask</key>
                        <value>
                            <name>Permissions umask</name>
                        </value>
                    </entry>
                    <entry>
                        <key>Remote Owner</key>
                        <value>
                            <name>Remote Owner</name>
                        </value>
                    </entry>
                    <entry>
                        <key>Remote Group</key>
                        <value>
                            <name>Remote Group</name>
                        </value>
                    </entry>
                    <entry>
                        <key>Compression codec</key>
                        <value>
                            <name>Compression codec</name>
                        </value>
                    </entry>
                </descriptors>
                <executionNode>ALL</executionNode>
                <lossTolerant>false</lossTolerant>
                <penaltyDuration>30 sec</penaltyDuration>
                <properties>
                    <entry>
                        <key>Hadoop Configuration Resources</key>
                        <value>/etc/hadoop/conf/core-site.xml,/etc/hadoop/conf/hdfs-site.xml</value>
                    </entry>
                    <entry>
                        <key>kerberos-credentials-service</key>
                    </entry>
                    <entry>
                        <key>Kerberos Principal</key>
                        <value>nifi/gw1-appcloud.pvt.su150.cazena.com@CAZENA.INTERNAL</value>
                    </entry>
                    <entry>
                        <key>Kerberos Keytab</key>
                        <value>/run/cloudera-scm-agent/process/251-nifi-NIFI_NODE/nifi.keytab</value>
                    </entry>
                    <entry>
                        <key>Kerberos Relogin Period</key>
                        <value>4 hours</value>
                    </entry>
                    <entry>
                        <key>Additional Classpath Resources</key>
                    </entry>
                    <entry>
                        <key>Directory</key>
                        <value>/raw/edw/w_vehicle_d/fulldump</value>
                    </entry>
                    <entry>
                        <key>Conflict Resolution Strategy</key>
                        <value>fail</value>
                    </entry>
                    <entry>
                        <key>Block Size</key>
                    </entry>
                    <entry>
                        <key>IO Buffer Size</key>
                    </entry>
                    <entry>
                        <key>Replication</key>
                    </entry>
                    <entry>
                        <key>Permissions umask</key>
                    </entry>
                    <entry>
                        <key>Remote Owner</key>
                    </entry>
                    <entry>
                        <key>Remote Group</key>
                    </entry>
                    <entry>
                        <key>Compression codec</key>
                        <value>NONE</value>
                    </entry>
                </properties>
                <runDurationMillis>0</runDurationMillis>
                <schedulingPeriod>0 sec</schedulingPeriod>
                <schedulingStrategy>TIMER_DRIVEN</schedulingStrategy>
                <yieldDuration>1 sec</yieldDuration>
            </config>
            <executionNodeRestricted>false</executionNodeRestricted>
            <name>PutHDFS</name>
            <relationships>
                <autoTerminate>true</autoTerminate>
                <name>failure</name>
            </relationships>
            <relationships>
                <autoTerminate>true</autoTerminate>
                <name>success</name>
            </relationships>
            <state>DISABLED</state>
            <style/>
            <type>org.apache.nifi.processors.hadoop.PutHDFS</type>
        </processors>
        <processors>
            <id>c9bca158-50fb-306d-0000-000000000000</id>
            <parentGroupId>3f31b40c-a44e-3e39-0000-000000000000</parentGroupId>
            <position>
                <x>4.269181775467814</x>
                <y>0.0</y>
            </position>
            <bundle>
                <artifact>nifi-standard-nar</artifact>
                <group>org.apache.nifi</group>
                <version>1.9.0.1.0.0.0-90</version>
            </bundle>
            <config>
                <bulletinLevel>WARN</bulletinLevel>
                <comments></comments>
                <concurrentlySchedulableTaskCount>1</concurrentlySchedulableTaskCount>
                <descriptors>
                    <entry>
                        <key>Database Connection Pooling Service</key>
                        <value>
                            <identifiesControllerService>org.apache.nifi.dbcp.DBCPService</identifiesControllerService>
                            <name>Database Connection Pooling Service</name>
                        </value>
                    </entry>
                    <entry>
                        <key>sql-pre-query</key>
                        <value>
                            <name>sql-pre-query</name>
                        </value>
                    </entry>
                    <entry>
                        <key>SQL select query</key>
                        <value>
                            <name>SQL select query</name>
                        </value>
                    </entry>
                    <entry>
                        <key>sql-post-query</key>
                        <value>
                            <name>sql-post-query</name>
                        </value>
                    </entry>
                    <entry>
                        <key>Max Wait Time</key>
                        <value>
                            <name>Max Wait Time</name>
                        </value>
                    </entry>
                    <entry>
                        <key>dbf-normalize</key>
                        <value>
                            <name>dbf-normalize</name>
                        </value>
                    </entry>
                    <entry>
                        <key>dbf-user-logical-types</key>
                        <value>
                            <name>dbf-user-logical-types</name>
                        </value>
                    </entry>
                    <entry>
                        <key>compression-format</key>
                        <value>
                            <name>compression-format</name>
                        </value>
                    </entry>
                    <entry>
                        <key>dbf-default-precision</key>
                        <value>
                            <name>dbf-default-precision</name>
                        </value>
                    </entry>
                    <entry>
                        <key>dbf-default-scale</key>
                        <value>
                            <name>dbf-default-scale</name>
                        </value>
                    </entry>
                    <entry>
                        <key>esql-max-rows</key>
                        <value>
                            <name>esql-max-rows</name>
                        </value>
                    </entry>
                    <entry>
                        <key>esql-output-batch-size</key>
                        <value>
                            <name>esql-output-batch-size</name>
                        </value>
                    </entry>
                </descriptors>
                <executionNode>ALL</executionNode>
                <lossTolerant>false</lossTolerant>
                <penaltyDuration>30 sec</penaltyDuration>
                <properties>
                    <entry>
                        <key>Database Connection Pooling Service</key>
                        <value>53363032-8421-30e7-0000-000000000000</value>
                    </entry>
                    <entry>
                        <key>sql-pre-query</key>
                    </entry>
                    <entry>
                        <key>SQL select query</key>
                        <value>select * from subaru.w_vehicle_d v where v.tm_enable_flg = 'Y'</value>
                    </entry>
                    <entry>
                        <key>sql-post-query</key>
                    </entry>
                    <entry>
                        <key>Max Wait Time</key>
                        <value>0 seconds</value>
                    </entry>
                    <entry>
                        <key>dbf-normalize</key>
                        <value>false</value>
                    </entry>
                    <entry>
                        <key>dbf-user-logical-types</key>
                        <value>false</value>
                    </entry>
                    <entry>
                        <key>compression-format</key>
                        <value>NONE</value>
                    </entry>
                    <entry>
                        <key>dbf-default-precision</key>
                        <value>10</value>
                    </entry>
                    <entry>
                        <key>dbf-default-scale</key>
                        <value>0</value>
                    </entry>
                    <entry>
                        <key>esql-max-rows</key>
                        <value>200</value>
                    </entry>
                    <entry>
                        <key>esql-output-batch-size</key>
                        <value>10</value>
                    </entry>
                </properties>
                <runDurationMillis>0</runDurationMillis>
                <schedulingPeriod>86400 sec</schedulingPeriod>
                <schedulingStrategy>TIMER_DRIVEN</schedulingStrategy>
                <yieldDuration>1 sec</yieldDuration>
            </config>
            <executionNodeRestricted>false</executionNodeRestricted>
            <name>ExecuteSQL</name>
            <relationships>
                <autoTerminate>true</autoTerminate>
                <name>failure</name>
            </relationships>
            <relationships>
                <autoTerminate>false</autoTerminate>
                <name>success</name>
            </relationships>
            <state>DISABLED</state>
            <style/>
            <type>org.apache.nifi.processors.standard.ExecuteSQL</type>
        </processors>
        <processors>
            <id>e428ff58-f779-314a-0000-000000000000</id>
            <parentGroupId>3f31b40c-a44e-3e39-0000-000000000000</parentGroupId>
            <position>
                <x>0.0</x>
                <y>464.14698358217817</y>
            </position>
            <bundle>
                <artifact>nifi-sample-nar</artifact>
                <group>com.soa</group>
                <version>1.0-SNAPSHOT</version>
            </bundle>
            <config>
                <bulletinLevel>WARN</bulletinLevel>
                <comments></comments>
                <concurrentlySchedulableTaskCount>1</concurrentlySchedulableTaskCount>
                <descriptors>
                    <entry>
                        <key>Json Path</key>
                        <value>
                            <name>Json Path</name>
                        </value>
                    </entry>
                </descriptors>
                <executionNode>ALL</executionNode>
                <lossTolerant>false</lossTolerant>
                <penaltyDuration>30 sec</penaltyDuration>
                <properties>
                    <entry>
                        <key>Json Path</key>
                        <value>INTEGRATION_ID</value>
                    </entry>
                </properties>
                <runDurationMillis>0</runDurationMillis>
                <schedulingPeriod>0 sec</schedulingPeriod>
                <schedulingStrategy>TIMER_DRIVEN</schedulingStrategy>
                <yieldDuration>1 sec</yieldDuration>
            </config>
            <executionNodeRestricted>false</executionNodeRestricted>
            <name>SOA Encryptor</name>
            <relationships>
                <autoTerminate>false</autoTerminate>
                <name>SUCCESS</name>
            </relationships>
            <state>DISABLED</state>
            <style/>
            <type>com.soa.processors.sample.MyProcessor</type>
        </processors>
    </snippet>
    <timestamp>07/11/2019 19:37:46 UTC</timestamp>
</template>
