<?xml version="1.0" encoding="UTF-8" standalone="yes"?>
<template encoding-version="1.2">
    <description></description>
    <groupId>3f4035a0-016b-1000-ffff-ffffce2fb9ec</groupId>
    <name>EDW_Model</name>
    <snippet>
        <connections>
            <id>246f66c5-f387-3499-0000-000000000000</id>
            <parentGroupId>a7627c09-3288-3e53-0000-000000000000</parentGroupId>
            <backPressureDataSizeThreshold>1 GB</backPressureDataSizeThreshold>
            <backPressureObjectThreshold>10000</backPressureObjectThreshold>
            <destination>
                <groupId>a7627c09-3288-3e53-0000-000000000000</groupId>
                <id>4e400bdb-4dc4-34b3-0000-000000000000</id>
                <type>PROCESSOR</type>
            </destination>
            <flowFileExpiration>0 sec</flowFileExpiration>
            <labelIndex>1</labelIndex>
            <loadBalanceCompression>DO_NOT_COMPRESS</loadBalanceCompression>
            <loadBalancePartitionAttribute></loadBalancePartitionAttribute>
            <loadBalanceStatus>LOAD_BALANCE_NOT_CONFIGURED</loadBalanceStatus>
            <loadBalanceStrategy>DO_NOT_LOAD_BALANCE</loadBalanceStrategy>
            <name></name>
            <selectedRelationships>failure</selectedRelationships>
            <selectedRelationships>success</selectedRelationships>
            <source>
                <groupId>a7627c09-3288-3e53-0000-000000000000</groupId>
                <id>3b6b42b6-b3c8-337d-0000-000000000000</id>
                <type>PROCESSOR</type>
            </source>
            <zIndex>0</zIndex>
        </connections>
        <connections>
            <id>2b76117c-bc11-3521-0000-000000000000</id>
            <parentGroupId>a7627c09-3288-3e53-0000-000000000000</parentGroupId>
            <backPressureDataSizeThreshold>1 GB</backPressureDataSizeThreshold>
            <backPressureObjectThreshold>10000</backPressureObjectThreshold>
            <destination>
                <groupId>a7627c09-3288-3e53-0000-000000000000</groupId>
                <id>9ff5096f-9374-3dc7-0000-000000000000</id>
                <type>PROCESSOR</type>
            </destination>
            <flowFileExpiration>0 sec</flowFileExpiration>
            <labelIndex>1</labelIndex>
            <loadBalanceCompression>DO_NOT_COMPRESS</loadBalanceCompression>
            <loadBalancePartitionAttribute></loadBalancePartitionAttribute>
            <loadBalanceStatus>LOAD_BALANCE_NOT_CONFIGURED</loadBalanceStatus>
            <loadBalanceStrategy>DO_NOT_LOAD_BALANCE</loadBalanceStrategy>
            <name></name>
            <selectedRelationships>success</selectedRelationships>
            <source>
                <groupId>a7627c09-3288-3e53-0000-000000000000</groupId>
                <id>cb8d3de1-d71d-3197-0000-000000000000</id>
                <type>PROCESSOR</type>
            </source>
            <zIndex>0</zIndex>
        </connections>
        <connections>
            <id>8ac7b9a5-4432-3443-0000-000000000000</id>
            <parentGroupId>a7627c09-3288-3e53-0000-000000000000</parentGroupId>
            <backPressureDataSizeThreshold>1 GB</backPressureDataSizeThreshold>
            <backPressureObjectThreshold>10000</backPressureObjectThreshold>
            <destination>
                <groupId>a7627c09-3288-3e53-0000-000000000000</groupId>
                <id>cb8d3de1-d71d-3197-0000-000000000000</id>
                <type>PROCESSOR</type>
            </destination>
            <flowFileExpiration>0 sec</flowFileExpiration>
            <labelIndex>1</labelIndex>
            <loadBalanceCompression>DO_NOT_COMPRESS</loadBalanceCompression>
            <loadBalancePartitionAttribute></loadBalancePartitionAttribute>
            <loadBalanceStatus>LOAD_BALANCE_NOT_CONFIGURED</loadBalanceStatus>
            <loadBalanceStrategy>DO_NOT_LOAD_BALANCE</loadBalanceStrategy>
            <name></name>
            <selectedRelationships>success</selectedRelationships>
            <source>
                <groupId>a7627c09-3288-3e53-0000-000000000000</groupId>
                <id>860ac044-1295-3f8b-0000-000000000000</id>
                <type>PROCESSOR</type>
            </source>
            <zIndex>0</zIndex>
        </connections>
        <connections>
            <id>b5f777f1-82b7-3e4f-0000-000000000000</id>
            <parentGroupId>a7627c09-3288-3e53-0000-000000000000</parentGroupId>
            <backPressureDataSizeThreshold>1 GB</backPressureDataSizeThreshold>
            <backPressureObjectThreshold>10000</backPressureObjectThreshold>
            <destination>
                <groupId>a7627c09-3288-3e53-0000-000000000000</groupId>
                <id>fa14d735-38fd-37a5-0000-000000000000</id>
                <type>PROCESSOR</type>
            </destination>
            <flowFileExpiration>0 sec</flowFileExpiration>
            <labelIndex>1</labelIndex>
            <loadBalanceCompression>DO_NOT_COMPRESS</loadBalanceCompression>
            <loadBalancePartitionAttribute></loadBalancePartitionAttribute>
            <loadBalanceStatus>LOAD_BALANCE_NOT_CONFIGURED</loadBalanceStatus>
            <loadBalanceStrategy>DO_NOT_LOAD_BALANCE</loadBalanceStrategy>
            <name></name>
            <selectedRelationships>success</selectedRelationships>
            <source>
                <groupId>a7627c09-3288-3e53-0000-000000000000</groupId>
                <id>94a2c5ee-9cbb-31bf-0000-000000000000</id>
                <type>PROCESSOR</type>
            </source>
            <zIndex>0</zIndex>
        </connections>
        <controllerServices>
            <id>e49f774c-458a-3def-0000-000000000000</id>
            <parentGroupId>a7627c09-3288-3e53-0000-000000000000</parentGroupId>
            <bundle>
                <artifact>nifi-dbcp-service-nar</artifact>
                <group>org.apache.nifi</group>
                <version>1.9.0.1.0.0.0-90</version>
            </bundle>
            <comments></comments>
            <descriptors>
                <entry>
                    <key>Database Connection URL</key>
                    <value>
                        <name>Database Connection URL</name>
                    </value>
                </entry>
                <entry>
                    <key>Database Driver Class Name</key>
                    <value>
                        <name>Database Driver Class Name</name>
                    </value>
                </entry>
                <entry>
                    <key>database-driver-locations</key>
                    <value>
                        <name>database-driver-locations</name>
                    </value>
                </entry>
                <entry>
                    <key>kerberos-credentials-service</key>
                    <value>
                        <identifiesControllerService>org.apache.nifi.kerberos.KerberosCredentialsService</identifiesControllerService>
                        <name>kerberos-credentials-service</name>
                    </value>
                </entry>
                <entry>
                    <key>Database User</key>
                    <value>
                        <name>Database User</name>
                    </value>
                </entry>
                <entry>
                    <key>Password</key>
                    <value>
                        <name>Password</name>
                    </value>
                </entry>
                <entry>
                    <key>Max Wait Time</key>
                    <value>
                        <name>Max Wait Time</name>
                    </value>
                </entry>
                <entry>
                    <key>Max Total Connections</key>
                    <value>
                        <name>Max Total Connections</name>
                    </value>
                </entry>
                <entry>
                    <key>Validation-query</key>
                    <value>
                        <name>Validation-query</name>
                    </value>
                </entry>
                <entry>
                    <key>dbcp-min-idle-conns</key>
                    <value>
                        <name>dbcp-min-idle-conns</name>
                    </value>
                </entry>
                <entry>
                    <key>dbcp-max-idle-conns</key>
                    <value>
                        <name>dbcp-max-idle-conns</name>
                    </value>
                </entry>
                <entry>
                    <key>dbcp-max-conn-lifetime</key>
                    <value>
                        <name>dbcp-max-conn-lifetime</name>
                    </value>
                </entry>
                <entry>
                    <key>dbcp-time-between-eviction-runs</key>
                    <value>
                        <name>dbcp-time-between-eviction-runs</name>
                    </value>
                </entry>
                <entry>
                    <key>dbcp-min-evictable-idle-time</key>
                    <value>
                        <name>dbcp-min-evictable-idle-time</name>
                    </value>
                </entry>
                <entry>
                    <key>dbcp-soft-min-evictable-idle-time</key>
                    <value>
                        <name>dbcp-soft-min-evictable-idle-time</name>
                    </value>
                </entry>
            </descriptors>
            <name>DBCPConnectionPool2</name>
            <persistsState>false</persistsState>
            <properties>
                <entry>
                    <key>Database Connection URL</key>
                    <value>jdbc:oracle:thin:@172.16.90.203:1523:sbiprd</value>
                </entry>
                <entry>
                    <key>Database Driver Class Name</key>
                    <value>oracle.jdbc.driver.OracleDriver</value>
                </entry>
                <entry>
                    <key>database-driver-locations</key>
                    <value>/tmp/ojdbc7.jar</value>
                </entry>
                <entry>
                    <key>kerberos-credentials-service</key>
                </entry>
                <entry>
                    <key>Database User</key>
                    <value>Olap_ro</value>
                </entry>
                <entry>
                    <key>Password</key>
                </entry>
                <entry>
                    <key>Max Wait Time</key>
                    <value>500 millis</value>
                </entry>
                <entry>
                    <key>Max Total Connections</key>
                    <value>8</value>
                </entry>
                <entry>
                    <key>Validation-query</key>
                </entry>
                <entry>
                    <key>dbcp-min-idle-conns</key>
                    <value>0</value>
                </entry>
                <entry>
                    <key>dbcp-max-idle-conns</key>
                    <value>8</value>
                </entry>
                <entry>
                    <key>dbcp-max-conn-lifetime</key>
                    <value>-1</value>
                </entry>
                <entry>
                    <key>dbcp-time-between-eviction-runs</key>
                    <value>-1</value>
                </entry>
                <entry>
                    <key>dbcp-min-evictable-idle-time</key>
                    <value>30 mins</value>
                </entry>
                <entry>
                    <key>dbcp-soft-min-evictable-idle-time</key>
                    <value>-1</value>
                </entry>
            </properties>
            <state>ENABLING</state>
            <type>org.apache.nifi.dbcp.DBCPConnectionPool</type>
        </controllerServices>
        <processGroups>
            <id>ff41c68a-4eba-3eee-0000-000000000000</id>
            <parentGroupId>a7627c09-3288-3e53-0000-000000000000</parentGroupId>
            <position>
                <x>348.7249416833945</x>
                <y>754.0532813072205</y>
            </position>
            <comments></comments>
            <contents>
                <connections>
                    <id>4d26be68-1cab-3c1f-0000-000000000000</id>
                    <parentGroupId>ff41c68a-4eba-3eee-0000-000000000000</parentGroupId>
                    <backPressureDataSizeThreshold>1 GB</backPressureDataSizeThreshold>
                    <backPressureObjectThreshold>10000</backPressureObjectThreshold>
                    <destination>
                        <groupId>ff41c68a-4eba-3eee-0000-000000000000</groupId>
                        <id>5dcc643f-1c2a-3638-0000-000000000000</id>
                        <type>PROCESSOR</type>
                    </destination>
                    <flowFileExpiration>0 sec</flowFileExpiration>
                    <labelIndex>1</labelIndex>
                    <loadBalanceCompression>DO_NOT_COMPRESS</loadBalanceCompression>
                    <loadBalancePartitionAttribute></loadBalancePartitionAttribute>
                    <loadBalanceStatus>LOAD_BALANCE_NOT_CONFIGURED</loadBalanceStatus>
                    <loadBalanceStrategy>DO_NOT_LOAD_BALANCE</loadBalanceStrategy>
                    <name></name>
                    <selectedRelationships>success</selectedRelationships>
                    <source>
                        <groupId>ff41c68a-4eba-3eee-0000-000000000000</groupId>
                        <id>533974fb-17ec-323b-0000-000000000000</id>
                        <type>PROCESSOR</type>
                    </source>
                    <zIndex>0</zIndex>
                </connections>
                <connections>
                    <id>5cc23228-f8f2-3a8a-0000-000000000000</id>
                    <parentGroupId>ff41c68a-4eba-3eee-0000-000000000000</parentGroupId>
                    <backPressureDataSizeThreshold>1 GB</backPressureDataSizeThreshold>
                    <backPressureObjectThreshold>10000</backPressureObjectThreshold>
                    <destination>
                        <groupId>ff41c68a-4eba-3eee-0000-000000000000</groupId>
                        <id>1f400c78-7558-36d0-0000-000000000000</id>
                        <type>PROCESSOR</type>
                    </destination>
                    <flowFileExpiration>0 sec</flowFileExpiration>
                    <labelIndex>1</labelIndex>
                    <loadBalanceCompression>DO_NOT_COMPRESS</loadBalanceCompression>
                    <loadBalancePartitionAttribute></loadBalancePartitionAttribute>
                    <loadBalanceStatus>LOAD_BALANCE_NOT_CONFIGURED</loadBalanceStatus>
                    <loadBalanceStrategy>DO_NOT_LOAD_BALANCE</loadBalanceStrategy>
                    <name></name>
                    <selectedRelationships>success</selectedRelationships>
                    <source>
                        <groupId>ff41c68a-4eba-3eee-0000-000000000000</groupId>
                        <id>5dcc643f-1c2a-3638-0000-000000000000</id>
                        <type>PROCESSOR</type>
                    </source>
                    <zIndex>0</zIndex>
                </connections>
                <connections>
                    <id>c2a410e7-e1e0-312f-0000-000000000000</id>
                    <parentGroupId>ff41c68a-4eba-3eee-0000-000000000000</parentGroupId>
                    <backPressureDataSizeThreshold>1 GB</backPressureDataSizeThreshold>
                    <backPressureObjectThreshold>10000</backPressureObjectThreshold>
                    <destination>
                        <groupId>ff41c68a-4eba-3eee-0000-000000000000</groupId>
                        <id>da063f7b-a531-35c9-0000-000000000000</id>
                        <type>PROCESSOR</type>
                    </destination>
                    <flowFileExpiration>0 sec</flowFileExpiration>
                    <labelIndex>1</labelIndex>
                    <loadBalanceCompression>DO_NOT_COMPRESS</loadBalanceCompression>
                    <loadBalancePartitionAttribute></loadBalancePartitionAttribute>
                    <loadBalanceStatus>LOAD_BALANCE_NOT_CONFIGURED</loadBalanceStatus>
                    <loadBalanceStrategy>DO_NOT_LOAD_BALANCE</loadBalanceStrategy>
                    <name></name>
                    <selectedRelationships>success</selectedRelationships>
                    <source>
                        <groupId>ff41c68a-4eba-3eee-0000-000000000000</groupId>
                        <id>f06b2537-817c-3c16-0000-000000000000</id>
                        <type>PROCESSOR</type>
                    </source>
                    <zIndex>0</zIndex>
                </connections>
                <connections>
                    <id>df3da50f-2aa2-3ec2-0000-000000000000</id>
                    <parentGroupId>ff41c68a-4eba-3eee-0000-000000000000</parentGroupId>
                    <backPressureDataSizeThreshold>1 GB</backPressureDataSizeThreshold>
                    <backPressureObjectThreshold>10000</backPressureObjectThreshold>
                    <destination>
                        <groupId>ff41c68a-4eba-3eee-0000-000000000000</groupId>
                        <id>f06b2537-817c-3c16-0000-000000000000</id>
                        <type>PROCESSOR</type>
                    </destination>
                    <flowFileExpiration>0 sec</flowFileExpiration>
                    <labelIndex>1</labelIndex>
                    <loadBalanceCompression>DO_NOT_COMPRESS</loadBalanceCompression>
                    <loadBalancePartitionAttribute></loadBalancePartitionAttribute>
                    <loadBalanceStatus>LOAD_BALANCE_NOT_CONFIGURED</loadBalanceStatus>
                    <loadBalanceStrategy>DO_NOT_LOAD_BALANCE</loadBalanceStrategy>
                    <name></name>
                    <selectedRelationships>SUCCESS</selectedRelationships>
                    <source>
                        <groupId>ff41c68a-4eba-3eee-0000-000000000000</groupId>
                        <id>1f400c78-7558-36d0-0000-000000000000</id>
                        <type>PROCESSOR</type>
                    </source>
                    <zIndex>0</zIndex>
                </connections>
                <controllerServices>
                    <id>406f2a79-c4a6-34a5-0000-000000000000</id>
                    <parentGroupId>ff41c68a-4eba-3eee-0000-000000000000</parentGroupId>
                    <bundle>
                        <artifact>nifi-dbcp-service-nar</artifact>
                        <group>org.apache.nifi</group>
                        <version>1.9.0.1.0.0.0-90</version>
                    </bundle>
                    <comments></comments>
                    <descriptors>
                        <entry>
                            <key>Database Connection URL</key>
                            <value>
<name>Database Connection URL</name>
                            </value>
                        </entry>
                        <entry>
                            <key>Database Driver Class Name</key>
                            <value>
<name>Database Driver Class Name</name>
                            </value>
                        </entry>
                        <entry>
                            <key>database-driver-locations</key>
                            <value>
<name>database-driver-locations</name>
                            </value>
                        </entry>
                        <entry>
                            <key>kerberos-credentials-service</key>
                            <value>
<identifiesControllerService>org.apache.nifi.kerberos.KerberosCredentialsService</identifiesControllerService>
<name>kerberos-credentials-service</name>
                            </value>
                        </entry>
                        <entry>
                            <key>Database User</key>
                            <value>
<name>Database User</name>
                            </value>
                        </entry>
                        <entry>
                            <key>Password</key>
                            <value>
<name>Password</name>
                            </value>
                        </entry>
                        <entry>
                            <key>Max Wait Time</key>
                            <value>
<name>Max Wait Time</name>
                            </value>
                        </entry>
                        <entry>
                            <key>Max Total Connections</key>
                            <value>
<name>Max Total Connections</name>
                            </value>
                        </entry>
                        <entry>
                            <key>Validation-query</key>
                            <value>
<name>Validation-query</name>
                            </value>
                        </entry>
                        <entry>
                            <key>dbcp-min-idle-conns</key>
                            <value>
<name>dbcp-min-idle-conns</name>
                            </value>
                        </entry>
                        <entry>
                            <key>dbcp-max-idle-conns</key>
                            <value>
<name>dbcp-max-idle-conns</name>
                            </value>
                        </entry>
                        <entry>
                            <key>dbcp-max-conn-lifetime</key>
                            <value>
<name>dbcp-max-conn-lifetime</name>
                            </value>
                        </entry>
                        <entry>
                            <key>dbcp-time-between-eviction-runs</key>
                            <value>
<name>dbcp-time-between-eviction-runs</name>
                            </value>
                        </entry>
                        <entry>
                            <key>dbcp-min-evictable-idle-time</key>
                            <value>
<name>dbcp-min-evictable-idle-time</name>
                            </value>
                        </entry>
                        <entry>
                            <key>dbcp-soft-min-evictable-idle-time</key>
                            <value>
<name>dbcp-soft-min-evictable-idle-time</name>
                            </value>
                        </entry>
                    </descriptors>
                    <name>DBCPConnectionPool2</name>
                    <persistsState>false</persistsState>
                    <properties>
                        <entry>
                            <key>Database Connection URL</key>
                            <value>jdbc:oracle:thin:@172.16.90.203:1523:sbiprd</value>
                        </entry>
                        <entry>
                            <key>Database Driver Class Name</key>
                            <value>oracle.jdbc.driver.OracleDriver</value>
                        </entry>
                        <entry>
                            <key>database-driver-locations</key>
                            <value>/tmp/ojdbc7.jar</value>
                        </entry>
                        <entry>
                            <key>kerberos-credentials-service</key>
                        </entry>
                        <entry>
                            <key>Database User</key>
                            <value>Olap_ro</value>
                        </entry>
                        <entry>
                            <key>Password</key>
                        </entry>
                        <entry>
                            <key>Max Wait Time</key>
                            <value>500 millis</value>
                        </entry>
                        <entry>
                            <key>Max Total Connections</key>
                            <value>8</value>
                        </entry>
                        <entry>
                            <key>Validation-query</key>
                        </entry>
                        <entry>
                            <key>dbcp-min-idle-conns</key>
                            <value>0</value>
                        </entry>
                        <entry>
                            <key>dbcp-max-idle-conns</key>
                            <value>8</value>
                        </entry>
                        <entry>
                            <key>dbcp-max-conn-lifetime</key>
                            <value>-1</value>
                        </entry>
                        <entry>
                            <key>dbcp-time-between-eviction-runs</key>
                            <value>-1</value>
                        </entry>
                        <entry>
                            <key>dbcp-min-evictable-idle-time</key>
                            <value>30 mins</value>
                        </entry>
                        <entry>
                            <key>dbcp-soft-min-evictable-idle-time</key>
                            <value>-1</value>
                        </entry>
                    </properties>
                    <state>ENABLING</state>
                    <type>org.apache.nifi.dbcp.DBCPConnectionPool</type>
                </controllerServices>
                <processors>
                    <id>1f400c78-7558-36d0-0000-000000000000</id>
                    <parentGroupId>ff41c68a-4eba-3eee-0000-000000000000</parentGroupId>
                    <position>
                        <x>125.53082466125488</x>
                        <y>449.3377664193511</y>
                    </position>
                    <bundle>
                        <artifact>nifi-sample-nar</artifact>
                        <group>com.soa</group>
                        <version>1.0-SNAPSHOT</version>
                    </bundle>
                    <config>
                        <bulletinLevel>WARN</bulletinLevel>
                        <comments></comments>
                        <concurrentlySchedulableTaskCount>1</concurrentlySchedulableTaskCount>
                        <descriptors>
                            <entry>
<key>Json Path</key>
<value>
    <name>Json Path</name>
</value>
                            </entry>
                        </descriptors>
                        <executionNode>ALL</executionNode>
                        <lossTolerant>false</lossTolerant>
                        <penaltyDuration>30 sec</penaltyDuration>
                        <properties>
                            <entry>
<key>Json Path</key>
<value>INTEGRATION_ID</value>
                            </entry>
                        </properties>
                        <runDurationMillis>0</runDurationMillis>
                        <schedulingPeriod>0 sec</schedulingPeriod>
                        <schedulingStrategy>TIMER_DRIVEN</schedulingStrategy>
                        <yieldDuration>1 sec</yieldDuration>
                    </config>
                    <executionNodeRestricted>false</executionNodeRestricted>
                    <name>SOA Encryptor</name>
                    <relationships>
                        <autoTerminate>false</autoTerminate>
                        <name>SUCCESS</name>
                    </relationships>
                    <state>DISABLED</state>
                    <style/>
                    <type>com.soa.processors.sample.MyProcessor</type>
                </processors>
                <processors>
                    <id>533974fb-17ec-323b-0000-000000000000</id>
                    <parentGroupId>ff41c68a-4eba-3eee-0000-000000000000</parentGroupId>
                    <position>
                        <x>129.8000064367227</x>
                        <y>-14.809217162827053</y>
                    </position>
                    <bundle>
                        <artifact>nifi-standard-nar</artifact>
                        <group>org.apache.nifi</group>
                        <version>1.9.0.1.0.0.0-90</version>
                    </bundle>
                    <config>
                        <bulletinLevel>WARN</bulletinLevel>
                        <comments></comments>
                        <concurrentlySchedulableTaskCount>1</concurrentlySchedulableTaskCount>
                        <descriptors>
                            <entry>
<key>Database Connection Pooling Service</key>
<value>
    <identifiesControllerService>org.apache.nifi.dbcp.DBCPService</identifiesControllerService>
    <name>Database Connection Pooling Service</name>
</value>
                            </entry>
                            <entry>
<key>sql-pre-query</key>
<value>
    <name>sql-pre-query</name>
</value>
                            </entry>
                            <entry>
<key>SQL select query</key>
<value>
    <name>SQL select query</name>
</value>
                            </entry>
                            <entry>
<key>sql-post-query</key>
<value>
    <name>sql-post-query</name>
</value>
                            </entry>
                            <entry>
<key>Max Wait Time</key>
<value>
    <name>Max Wait Time</name>
</value>
                            </entry>
                            <entry>
<key>dbf-normalize</key>
<value>
    <name>dbf-normalize</name>
</value>
                            </entry>
                            <entry>
<key>dbf-user-logical-types</key>
<value>
    <name>dbf-user-logical-types</name>
</value>
                            </entry>
                            <entry>
<key>compression-format</key>
<value>
    <name>compression-format</name>
</value>
                            </entry>
                            <entry>
<key>dbf-default-precision</key>
<value>
    <name>dbf-default-precision</name>
</value>
                            </entry>
                            <entry>
<key>dbf-default-scale</key>
<value>
    <name>dbf-default-scale</name>
</value>
                            </entry>
                            <entry>
<key>esql-max-rows</key>
<value>
    <name>esql-max-rows</name>
</value>
                            </entry>
                            <entry>
<key>esql-output-batch-size</key>
<value>
    <name>esql-output-batch-size</name>
</value>
                            </entry>
                        </descriptors>
                        <executionNode>ALL</executionNode>
                        <lossTolerant>false</lossTolerant>
                        <penaltyDuration>30 sec</penaltyDuration>
                        <properties>
                            <entry>
<key>Database Connection Pooling Service</key>
<value>406f2a79-c4a6-34a5-0000-000000000000</value>
                            </entry>
                            <entry>
<key>sql-pre-query</key>
                            </entry>
                            <entry>
<key>SQL select query</key>
<value>select * from subaru.w_vehicle_d v where v.tm_enable_flg = 'Y'</value>
                            </entry>
                            <entry>
<key>sql-post-query</key>
                            </entry>
                            <entry>
<key>Max Wait Time</key>
<value>0 seconds</value>
                            </entry>
                            <entry>
<key>dbf-normalize</key>
<value>false</value>
                            </entry>
                            <entry>
<key>dbf-user-logical-types</key>
<value>false</value>
                            </entry>
                            <entry>
<key>compression-format</key>
<value>NONE</value>
                            </entry>
                            <entry>
<key>dbf-default-precision</key>
<value>10</value>
                            </entry>
                            <entry>
<key>dbf-default-scale</key>
<value>0</value>
                            </entry>
                            <entry>
<key>esql-max-rows</key>
<value>200</value>
                            </entry>
                            <entry>
<key>esql-output-batch-size</key>
<value>10</value>
                            </entry>
                        </properties>
                        <runDurationMillis>0</runDurationMillis>
                        <schedulingPeriod>86400 sec</schedulingPeriod>
                        <schedulingStrategy>TIMER_DRIVEN</schedulingStrategy>
                        <yieldDuration>1 sec</yieldDuration>
                    </config>
                    <executionNodeRestricted>false</executionNodeRestricted>
                    <name>ExecuteSQL</name>
                    <relationships>
                        <autoTerminate>true</autoTerminate>
                        <name>failure</name>
                    </relationships>
                    <relationships>
                        <autoTerminate>false</autoTerminate>
                        <name>success</name>
                    </relationships>
                    <state>DISABLED</state>
                    <style/>
                    <type>org.apache.nifi.processors.standard.ExecuteSQL</type>
                </processors>
                <processors>
                    <id>5dcc643f-1c2a-3638-0000-000000000000</id>
                    <parentGroupId>ff41c68a-4eba-3eee-0000-000000000000</parentGroupId>
                    <position>
                        <x>125.9549560546875</x>
                        <y>231.31171798706055</y>
                    </position>
                    <bundle>
                        <artifact>nifi-avro-nar</artifact>
                        <group>org.apache.nifi</group>
                        <version>1.9.0.1.0.0.0-90</version>
                    </bundle>
                    <config>
                        <bulletinLevel>WARN</bulletinLevel>
                        <comments></comments>
                        <concurrentlySchedulableTaskCount>1</concurrentlySchedulableTaskCount>
                        <descriptors>
                            <entry>
<key>JSON container options</key>
<value>
    <name>JSON container options</name>
</value>
                            </entry>
                            <entry>
<key>Wrap Single Record</key>
<value>
    <name>Wrap Single Record</name>
</value>
                            </entry>
                            <entry>
<key>Avro schema</key>
<value>
    <name>Avro schema</name>
</value>
                            </entry>
                        </descriptors>
                        <executionNode>ALL</executionNode>
                        <lossTolerant>false</lossTolerant>
                        <penaltyDuration>30 sec</penaltyDuration>
                        <properties>
                            <entry>
<key>JSON container options</key>
<value>array</value>
                            </entry>
                            <entry>
<key>Wrap Single Record</key>
<value>false</value>
                            </entry>
                            <entry>
<key>Avro schema</key>
                            </entry>
                        </properties>
                        <runDurationMillis>0</runDurationMillis>
                        <schedulingPeriod>0 sec</schedulingPeriod>
                        <schedulingStrategy>TIMER_DRIVEN</schedulingStrategy>
                        <yieldDuration>1 sec</yieldDuration>
                    </config>
                    <executionNodeRestricted>false</executionNodeRestricted>
                    <name>ConvertAvroToJSON</name>
                    <relationships>
                        <autoTerminate>true</autoTerminate>
                        <name>failure</name>
                    </relationships>
                    <relationships>
                        <autoTerminate>false</autoTerminate>
                        <name>success</name>
                    </relationships>
                    <state>DISABLED</state>
                    <style/>
                    <type>org.apache.nifi.processors.avro.ConvertAvroToJSON</type>
                </processors>
                <processors>
                    <id>da063f7b-a531-35c9-0000-000000000000</id>
                    <parentGroupId>ff41c68a-4eba-3eee-0000-000000000000</parentGroupId>
                    <position>
                        <x>1165.947727727311</x>
                        <y>453.36320643832346</y>
                    </position>
                    <bundle>
                        <artifact>nifi-hadoop-nar</artifact>
                        <group>org.apache.nifi</group>
                        <version>1.9.0.1.0.0.0-90</version>
                    </bundle>
                    <config>
                        <bulletinLevel>WARN</bulletinLevel>
                        <comments></comments>
                        <concurrentlySchedulableTaskCount>1</concurrentlySchedulableTaskCount>
                        <descriptors>
                            <entry>
<key>Hadoop Configuration Resources</key>
<value>
    <name>Hadoop Configuration Resources</name>
</value>
                            </entry>
                            <entry>
<key>kerberos-credentials-service</key>
<value>
    <identifiesControllerService>org.apache.nifi.kerberos.KerberosCredentialsService</identifiesControllerService>
    <name>kerberos-credentials-service</name>
</value>
                            </entry>
                            <entry>
<key>Kerberos Principal</key>
<value>
    <name>Kerberos Principal</name>
</value>
                            </entry>
                            <entry>
<key>Kerberos Keytab</key>
<value>
    <name>Kerberos Keytab</name>
</value>
                            </entry>
                            <entry>
<key>Kerberos Relogin Period</key>
<value>
    <name>Kerberos Relogin Period</name>
</value>
                            </entry>
                            <entry>
<key>Additional Classpath Resources</key>
<value>
    <name>Additional Classpath Resources</name>
</value>
                            </entry>
                            <entry>
<key>Directory</key>
<value>
    <name>Directory</name>
</value>
                            </entry>
                            <entry>
<key>Conflict Resolution Strategy</key>
<value>
    <name>Conflict Resolution Strategy</name>
</value>
                            </entry>
                            <entry>
<key>Block Size</key>
<value>
    <name>Block Size</name>
</value>
                            </entry>
                            <entry>
<key>IO Buffer Size</key>
<value>
    <name>IO Buffer Size</name>
</value>
                            </entry>
                            <entry>
<key>Replication</key>
<value>
    <name>Replication</name>
</value>
                            </entry>
                            <entry>
<key>Permissions umask</key>
<value>
    <name>Permissions umask</name>
</value>
                            </entry>
                            <entry>
<key>Remote Owner</key>
<value>
    <name>Remote Owner</name>
</value>
                            </entry>
                            <entry>
<key>Remote Group</key>
<value>
    <name>Remote Group</name>
</value>
                            </entry>
                            <entry>
<key>Compression codec</key>
<value>
    <name>Compression codec</name>
</value>
                            </entry>
                        </descriptors>
                        <executionNode>ALL</executionNode>
                        <lossTolerant>false</lossTolerant>
                        <penaltyDuration>30 sec</penaltyDuration>
                        <properties>
                            <entry>
<key>Hadoop Configuration Resources</key>
<value>/etc/hadoop/conf/core-site.xml,/etc/hadoop/conf/hdfs-site.xml</value>
                            </entry>
                            <entry>
<key>kerberos-credentials-service</key>
                            </entry>
                            <entry>
<key>Kerberos Principal</key>
<value>nifi/gw1-appcloud.pvt.su150.cazena.com@CAZENA.INTERNAL</value>
                            </entry>
                            <entry>
<key>Kerberos Keytab</key>
<value>/run/cloudera-scm-agent/process/251-nifi-NIFI_NODE/nifi.keytab</value>
                            </entry>
                            <entry>
<key>Kerberos Relogin Period</key>
<value>4 hours</value>
                            </entry>
                            <entry>
<key>Additional Classpath Resources</key>
                            </entry>
                            <entry>
<key>Directory</key>
<value>/raw/edw/w_vehicle_d/fulldump</value>
                            </entry>
                            <entry>
<key>Conflict Resolution Strategy</key>
<value>fail</value>
                            </entry>
                            <entry>
<key>Block Size</key>
                            </entry>
                            <entry>
<key>IO Buffer Size</key>
                            </entry>
                            <entry>
<key>Replication</key>
                            </entry>
                            <entry>
<key>Permissions umask</key>
                            </entry>
                            <entry>
<key>Remote Owner</key>
                            </entry>
                            <entry>
<key>Remote Group</key>
                            </entry>
                            <entry>
<key>Compression codec</key>
<value>NONE</value>
                            </entry>
                        </properties>
                        <runDurationMillis>0</runDurationMillis>
                        <schedulingPeriod>0 sec</schedulingPeriod>
                        <schedulingStrategy>TIMER_DRIVEN</schedulingStrategy>
                        <yieldDuration>1 sec</yieldDuration>
                    </config>
                    <executionNodeRestricted>false</executionNodeRestricted>
                    <name>PutHDFS</name>
                    <relationships>
                        <autoTerminate>true</autoTerminate>
                        <name>failure</name>
                    </relationships>
                    <relationships>
                        <autoTerminate>true</autoTerminate>
                        <name>success</name>
                    </relationships>
                    <state>DISABLED</state>
                    <style/>
                    <type>org.apache.nifi.processors.hadoop.PutHDFS</type>
                </processors>
                <processors>
                    <id>f06b2537-817c-3c16-0000-000000000000</id>
                    <parentGroupId>ff41c68a-4eba-3eee-0000-000000000000</parentGroupId>
                    <position>
                        <x>642.0</x>
                        <y>451.0</y>
                    </position>
                    <bundle>
                        <artifact>nifi-update-attribute-nar</artifact>
                        <group>org.apache.nifi</group>
                        <version>1.9.0.1.0.0.0-90</version>
                    </bundle>
                    <config>
                        <bulletinLevel>WARN</bulletinLevel>
                        <comments></comments>
                        <concurrentlySchedulableTaskCount>1</concurrentlySchedulableTaskCount>
                        <descriptors>
                            <entry>
<key>Delete Attributes Expression</key>
<value>
    <name>Delete Attributes Expression</name>
</value>
                            </entry>
                            <entry>
<key>Store State</key>
<value>
    <name>Store State</name>
</value>
                            </entry>
                            <entry>
<key>Stateful Variables Initial Value</key>
<value>
    <name>Stateful Variables Initial Value</name>
</value>
                            </entry>
                            <entry>
<key>canonical-value-lookup-cache-size</key>
<value>
    <name>canonical-value-lookup-cache-size</name>
</value>
                            </entry>
                            <entry>
<key>filename</key>
<value>
    <name>filename</name>
</value>
                            </entry>
                        </descriptors>
                        <executionNode>ALL</executionNode>
                        <lossTolerant>false</lossTolerant>
                        <penaltyDuration>30 sec</penaltyDuration>
                        <properties>
                            <entry>
<key>Delete Attributes Expression</key>
                            </entry>
                            <entry>
<key>Store State</key>
<value>Do not store state</value>
                            </entry>
                            <entry>
<key>Stateful Variables Initial Value</key>
                            </entry>
                            <entry>
<key>canonical-value-lookup-cache-size</key>
<value>100</value>
                            </entry>
                            <entry>
<key>filename</key>
<value>${filename:prepend(${nextInt()}):append('.json')}
</value>
                            </entry>
                        </properties>
                        <runDurationMillis>0</runDurationMillis>
                        <schedulingPeriod>0 sec</schedulingPeriod>
                        <schedulingStrategy>TIMER_DRIVEN</schedulingStrategy>
                        <yieldDuration>1 sec</yieldDuration>
                    </config>
                    <executionNodeRestricted>false</executionNodeRestricted>
                    <name>UpdateAttribute</name>
                    <relationships>
                        <autoTerminate>false</autoTerminate>
                        <name>success</name>
                    </relationships>
                    <state>DISABLED</state>
                    <style/>
                    <type>org.apache.nifi.processors.attributes.UpdateAttribute</type>
                </processors>
            </contents>
            <name>EDW_Vehicle</name>
            <variables/>
        </processGroups>
        <processors>
            <id>3b6b42b6-b3c8-337d-0000-000000000000</id>
            <parentGroupId>a7627c09-3288-3e53-0000-000000000000</parentGroupId>
            <position>
                <x>185.0063351142091</x>
                <y>333.33152459038126</y>
            </position>
            <bundle>
                <artifact>nifi-standard-nar</artifact>
                <group>org.apache.nifi</group>
                <version>1.9.0.1.0.0.0-90</version>
            </bundle>
            <config>
                <bulletinLevel>WARN</bulletinLevel>
                <comments></comments>
                <concurrentlySchedulableTaskCount>1</concurrentlySchedulableTaskCount>
                <descriptors>
                    <entry>
                        <key>Database Connection Pooling Service</key>
                        <value>
                            <identifiesControllerService>org.apache.nifi.dbcp.DBCPService</identifiesControllerService>
                            <name>Database Connection Pooling Service</name>
                        </value>
                    </entry>
                    <entry>
                        <key>sql-pre-query</key>
                        <value>
                            <name>sql-pre-query</name>
                        </value>
                    </entry>
                    <entry>
                        <key>SQL select query</key>
                        <value>
                            <name>SQL select query</name>
                        </value>
                    </entry>
                    <entry>
                        <key>sql-post-query</key>
                        <value>
                            <name>sql-post-query</name>
                        </value>
                    </entry>
                    <entry>
                        <key>Max Wait Time</key>
                        <value>
                            <name>Max Wait Time</name>
                        </value>
                    </entry>
                    <entry>
                        <key>dbf-normalize</key>
                        <value>
                            <name>dbf-normalize</name>
                        </value>
                    </entry>
                    <entry>
                        <key>dbf-user-logical-types</key>
                        <value>
                            <name>dbf-user-logical-types</name>
                        </value>
                    </entry>
                    <entry>
                        <key>compression-format</key>
                        <value>
                            <name>compression-format</name>
                        </value>
                    </entry>
                    <entry>
                        <key>dbf-default-precision</key>
                        <value>
                            <name>dbf-default-precision</name>
                        </value>
                    </entry>
                    <entry>
                        <key>dbf-default-scale</key>
                        <value>
                            <name>dbf-default-scale</name>
                        </value>
                    </entry>
                    <entry>
                        <key>esql-max-rows</key>
                        <value>
                            <name>esql-max-rows</name>
                        </value>
                    </entry>
                    <entry>
                        <key>esql-output-batch-size</key>
                        <value>
                            <name>esql-output-batch-size</name>
                        </value>
                    </entry>
                </descriptors>
                <executionNode>ALL</executionNode>
                <lossTolerant>false</lossTolerant>
                <penaltyDuration>30 sec</penaltyDuration>
                <properties>
                    <entry>
                        <key>Database Connection Pooling Service</key>
                        <value>e49f774c-458a-3def-0000-000000000000</value>
                    </entry>
                    <entry>
                        <key>sql-pre-query</key>
                    </entry>
                    <entry>
                        <key>SQL select query</key>
                        <value>select * from  subaru.w_model_d m
where  m.manufacturer = 'SUBARU'
and m.dcm_type is not null</value>
                    </entry>
                    <entry>
                        <key>sql-post-query</key>
                    </entry>
                    <entry>
                        <key>Max Wait Time</key>
                        <value>0 seconds</value>
                    </entry>
                    <entry>
                        <key>dbf-normalize</key>
                        <value>false</value>
                    </entry>
                    <entry>
                        <key>dbf-user-logical-types</key>
                        <value>false</value>
                    </entry>
                    <entry>
                        <key>compression-format</key>
                        <value>NONE</value>
                    </entry>
                    <entry>
                        <key>dbf-default-precision</key>
                        <value>10</value>
                    </entry>
                    <entry>
                        <key>dbf-default-scale</key>
                        <value>0</value>
                    </entry>
                    <entry>
                        <key>esql-max-rows</key>
                        <value>25</value>
                    </entry>
                    <entry>
                        <key>esql-output-batch-size</key>
                        <value>10</value>
                    </entry>
                </properties>
                <runDurationMillis>0</runDurationMillis>
                <schedulingPeriod>60 sec</schedulingPeriod>
                <schedulingStrategy>TIMER_DRIVEN</schedulingStrategy>
                <yieldDuration>1 sec</yieldDuration>
            </config>
            <executionNodeRestricted>false</executionNodeRestricted>
            <name>ExecuteSQL</name>
            <relationships>
                <autoTerminate>false</autoTerminate>
                <name>failure</name>
            </relationships>
            <relationships>
                <autoTerminate>false</autoTerminate>
                <name>success</name>
            </relationships>
            <state>DISABLED</state>
            <style/>
            <type>org.apache.nifi.processors.standard.ExecuteSQL</type>
        </processors>
        <processors>
            <id>4e400bdb-4dc4-34b3-0000-000000000000</id>
            <parentGroupId>a7627c09-3288-3e53-0000-000000000000</parentGroupId>
            <position>
                <x>855.1582008215794</x>
                <y>509.2329800859824</y>
            </position>
            <bundle>
                <artifact>nifi-hadoop-nar</artifact>
                <group>org.apache.nifi</group>
                <version>1.9.0.1.0.0.0-90</version>
            </bundle>
            <config>
                <bulletinLevel>WARN</bulletinLevel>
                <comments></comments>
                <concurrentlySchedulableTaskCount>1</concurrentlySchedulableTaskCount>
                <descriptors>
                    <entry>
                        <key>Hadoop Configuration Resources</key>
                        <value>
                            <name>Hadoop Configuration Resources</name>
                        </value>
                    </entry>
                    <entry>
                        <key>kerberos-credentials-service</key>
                        <value>
                            <identifiesControllerService>org.apache.nifi.kerberos.KerberosCredentialsService</identifiesControllerService>
                            <name>kerberos-credentials-service</name>
                        </value>
                    </entry>
                    <entry>
                        <key>Kerberos Principal</key>
                        <value>
                            <name>Kerberos Principal</name>
                        </value>
                    </entry>
                    <entry>
                        <key>Kerberos Keytab</key>
                        <value>
                            <name>Kerberos Keytab</name>
                        </value>
                    </entry>
                    <entry>
                        <key>Kerberos Relogin Period</key>
                        <value>
                            <name>Kerberos Relogin Period</name>
                        </value>
                    </entry>
                    <entry>
                        <key>Additional Classpath Resources</key>
                        <value>
                            <name>Additional Classpath Resources</name>
                        </value>
                    </entry>
                    <entry>
                        <key>Directory</key>
                        <value>
                            <name>Directory</name>
                        </value>
                    </entry>
                    <entry>
                        <key>Conflict Resolution Strategy</key>
                        <value>
                            <name>Conflict Resolution Strategy</name>
                        </value>
                    </entry>
                    <entry>
                        <key>Block Size</key>
                        <value>
                            <name>Block Size</name>
                        </value>
                    </entry>
                    <entry>
                        <key>IO Buffer Size</key>
                        <value>
                            <name>IO Buffer Size</name>
                        </value>
                    </entry>
                    <entry>
                        <key>Replication</key>
                        <value>
                            <name>Replication</name>
                        </value>
                    </entry>
                    <entry>
                        <key>Permissions umask</key>
                        <value>
                            <name>Permissions umask</name>
                        </value>
                    </entry>
                    <entry>
                        <key>Remote Owner</key>
                        <value>
                            <name>Remote Owner</name>
                        </value>
                    </entry>
                    <entry>
                        <key>Remote Group</key>
                        <value>
                            <name>Remote Group</name>
                        </value>
                    </entry>
                    <entry>
                        <key>Compression codec</key>
                        <value>
                            <name>Compression codec</name>
                        </value>
                    </entry>
                </descriptors>
                <executionNode>ALL</executionNode>
                <lossTolerant>false</lossTolerant>
                <penaltyDuration>30 sec</penaltyDuration>
                <properties>
                    <entry>
                        <key>Hadoop Configuration Resources</key>
                        <value>/etc/hadoop/conf/core-site.xml,/etc/hadoop/conf/hdfs-site.xml</value>
                    </entry>
                    <entry>
                        <key>kerberos-credentials-service</key>
                    </entry>
                    <entry>
                        <key>Kerberos Principal</key>
                        <value>nifi/gw1-appcloud.pvt.su150.cazena.com@CAZENA.INTERNAL</value>
                    </entry>
                    <entry>
                        <key>Kerberos Keytab</key>
                        <value>/run/cloudera-scm-agent/process/251-nifi-NIFI_NODE/nifi.keytab</value>
                    </entry>
                    <entry>
                        <key>Kerberos Relogin Period</key>
                        <value>4 hours</value>
                    </entry>
                    <entry>
                        <key>Additional Classpath Resources</key>
                    </entry>
                    <entry>
                        <key>Directory</key>
                        <value>/raw/edw/w_model_d_stg</value>
                    </entry>
                    <entry>
                        <key>Conflict Resolution Strategy</key>
                        <value>fail</value>
                    </entry>
                    <entry>
                        <key>Block Size</key>
                    </entry>
                    <entry>
                        <key>IO Buffer Size</key>
                    </entry>
                    <entry>
                        <key>Replication</key>
                    </entry>
                    <entry>
                        <key>Permissions umask</key>
                    </entry>
                    <entry>
                        <key>Remote Owner</key>
                    </entry>
                    <entry>
                        <key>Remote Group</key>
                    </entry>
                    <entry>
                        <key>Compression codec</key>
                        <value>NONE</value>
                    </entry>
                </properties>
                <runDurationMillis>0</runDurationMillis>
                <schedulingPeriod>0 sec</schedulingPeriod>
                <schedulingStrategy>TIMER_DRIVEN</schedulingStrategy>
                <yieldDuration>1 sec</yieldDuration>
            </config>
            <executionNodeRestricted>false</executionNodeRestricted>
            <name>PutHDFS</name>
            <relationships>
                <autoTerminate>true</autoTerminate>
                <name>failure</name>
            </relationships>
            <relationships>
                <autoTerminate>true</autoTerminate>
                <name>success</name>
            </relationships>
            <state>DISABLED</state>
            <style/>
            <type>org.apache.nifi.processors.hadoop.PutHDFS</type>
        </processors>
        <processors>
            <id>860ac044-1295-3f8b-0000-000000000000</id>
            <parentGroupId>a7627c09-3288-3e53-0000-000000000000</parentGroupId>
            <position>
                <x>0.0</x>
                <y>6.636599115630588</y>
            </position>
            <bundle>
                <artifact>nifi-standard-nar</artifact>
                <group>org.apache.nifi</group>
                <version>1.9.0.1.0.0.0-90</version>
            </bundle>
            <config>
                <bulletinLevel>WARN</bulletinLevel>
                <comments></comments>
                <concurrentlySchedulableTaskCount>1</concurrentlySchedulableTaskCount>
                <descriptors>
                    <entry>
                        <key>Database Connection Pooling Service</key>
                        <value>
                            <identifiesControllerService>org.apache.nifi.dbcp.DBCPService</identifiesControllerService>
                            <name>Database Connection Pooling Service</name>
                        </value>
                    </entry>
                    <entry>
                        <key>sql-pre-query</key>
                        <value>
                            <name>sql-pre-query</name>
                        </value>
                    </entry>
                    <entry>
                        <key>SQL select query</key>
                        <value>
                            <name>SQL select query</name>
                        </value>
                    </entry>
                    <entry>
                        <key>sql-post-query</key>
                        <value>
                            <name>sql-post-query</name>
                        </value>
                    </entry>
                    <entry>
                        <key>Max Wait Time</key>
                        <value>
                            <name>Max Wait Time</name>
                        </value>
                    </entry>
                    <entry>
                        <key>dbf-normalize</key>
                        <value>
                            <name>dbf-normalize</name>
                        </value>
                    </entry>
                    <entry>
                        <key>dbf-user-logical-types</key>
                        <value>
                            <name>dbf-user-logical-types</name>
                        </value>
                    </entry>
                    <entry>
                        <key>compression-format</key>
                        <value>
                            <name>compression-format</name>
                        </value>
                    </entry>
                    <entry>
                        <key>dbf-default-precision</key>
                        <value>
                            <name>dbf-default-precision</name>
                        </value>
                    </entry>
                    <entry>
                        <key>dbf-default-scale</key>
                        <value>
                            <name>dbf-default-scale</name>
                        </value>
                    </entry>
                    <entry>
                        <key>esql-max-rows</key>
                        <value>
                            <name>esql-max-rows</name>
                        </value>
                    </entry>
                    <entry>
                        <key>esql-output-batch-size</key>
                        <value>
                            <name>esql-output-batch-size</name>
                        </value>
                    </entry>
                </descriptors>
                <executionNode>ALL</executionNode>
                <lossTolerant>false</lossTolerant>
                <penaltyDuration>30 sec</penaltyDuration>
                <properties>
                    <entry>
                        <key>Database Connection Pooling Service</key>
                        <value>e49f774c-458a-3def-0000-000000000000</value>
                    </entry>
                    <entry>
                        <key>sql-pre-query</key>
                    </entry>
                    <entry>
                        <key>SQL select query</key>
                        <value>select * from  subaru.w_model_d m
where  m.manufacturer = 'SUBARU'
and m.dcm_type is not null</value>
                    </entry>
                    <entry>
                        <key>sql-post-query</key>
                    </entry>
                    <entry>
                        <key>Max Wait Time</key>
                        <value>0 seconds</value>
                    </entry>
                    <entry>
                        <key>dbf-normalize</key>
                        <value>false</value>
                    </entry>
                    <entry>
                        <key>dbf-user-logical-types</key>
                        <value>false</value>
                    </entry>
                    <entry>
                        <key>compression-format</key>
                        <value>NONE</value>
                    </entry>
                    <entry>
                        <key>dbf-default-precision</key>
                        <value>10</value>
                    </entry>
                    <entry>
                        <key>dbf-default-scale</key>
                        <value>0</value>
                    </entry>
                    <entry>
                        <key>esql-max-rows</key>
                        <value>25</value>
                    </entry>
                    <entry>
                        <key>esql-output-batch-size</key>
                        <value>10</value>
                    </entry>
                </properties>
                <runDurationMillis>0</runDurationMillis>
                <schedulingPeriod>60 sec</schedulingPeriod>
                <schedulingStrategy>TIMER_DRIVEN</schedulingStrategy>
                <yieldDuration>1 sec</yieldDuration>
            </config>
            <executionNodeRestricted>false</executionNodeRestricted>
            <name>ExecuteSQL</name>
            <relationships>
                <autoTerminate>true</autoTerminate>
                <name>failure</name>
            </relationships>
            <relationships>
                <autoTerminate>false</autoTerminate>
                <name>success</name>
            </relationships>
            <state>DISABLED</state>
            <style/>
            <type>org.apache.nifi.processors.standard.ExecuteSQL</type>
        </processors>
        <processors>
            <id>94a2c5ee-9cbb-31bf-0000-000000000000</id>
            <parentGroupId>a7627c09-3288-3e53-0000-000000000000</parentGroupId>
            <position>
                <x>270.15648159858415</x>
                <y>166.29841301811564</y>
            </position>
            <bundle>
                <artifact>nifi-standard-nar</artifact>
                <group>org.apache.nifi</group>
                <version>1.9.0.1.0.0.0-90</version>
            </bundle>
            <config>
                <bulletinLevel>WARN</bulletinLevel>
                <comments></comments>
                <concurrentlySchedulableTaskCount>1</concurrentlySchedulableTaskCount>
                <descriptors>
                    <entry>
                        <key>Database Connection Pooling Service</key>
                        <value>
                            <identifiesControllerService>org.apache.nifi.dbcp.DBCPService</identifiesControllerService>
                            <name>Database Connection Pooling Service</name>
                        </value>
                    </entry>
                    <entry>
                        <key>sql-pre-query</key>
                        <value>
                            <name>sql-pre-query</name>
                        </value>
                    </entry>
                    <entry>
                        <key>SQL select query</key>
                        <value>
                            <name>SQL select query</name>
                        </value>
                    </entry>
                    <entry>
                        <key>sql-post-query</key>
                        <value>
                            <name>sql-post-query</name>
                        </value>
                    </entry>
                    <entry>
                        <key>Max Wait Time</key>
                        <value>
                            <name>Max Wait Time</name>
                        </value>
                    </entry>
                    <entry>
                        <key>dbf-normalize</key>
                        <value>
                            <name>dbf-normalize</name>
                        </value>
                    </entry>
                    <entry>
                        <key>dbf-user-logical-types</key>
                        <value>
                            <name>dbf-user-logical-types</name>
                        </value>
                    </entry>
                    <entry>
                        <key>compression-format</key>
                        <value>
                            <name>compression-format</name>
                        </value>
                    </entry>
                    <entry>
                        <key>dbf-default-precision</key>
                        <value>
                            <name>dbf-default-precision</name>
                        </value>
                    </entry>
                    <entry>
                        <key>dbf-default-scale</key>
                        <value>
                            <name>dbf-default-scale</name>
                        </value>
                    </entry>
                    <entry>
                        <key>esql-max-rows</key>
                        <value>
                            <name>esql-max-rows</name>
                        </value>
                    </entry>
                    <entry>
                        <key>esql-output-batch-size</key>
                        <value>
                            <name>esql-output-batch-size</name>
                        </value>
                    </entry>
                </descriptors>
                <executionNode>ALL</executionNode>
                <lossTolerant>false</lossTolerant>
                <penaltyDuration>30 sec</penaltyDuration>
                <properties>
                    <entry>
                        <key>Database Connection Pooling Service</key>
                        <value>e49f774c-458a-3def-0000-000000000000</value>
                    </entry>
                    <entry>
                        <key>sql-pre-query</key>
                    </entry>
                    <entry>
                        <key>SQL select query</key>
                        <value>select * from  subaru.w_model_d m
where  m.manufacturer = 'SUBARU'
and m.dcm_type is not null  OFFSET 20 ROWS FETCH NEXT 100 ROWS ONLY</value>
                    </entry>
                    <entry>
                        <key>sql-post-query</key>
                    </entry>
                    <entry>
                        <key>Max Wait Time</key>
                        <value>0 seconds</value>
                    </entry>
                    <entry>
                        <key>dbf-normalize</key>
                        <value>false</value>
                    </entry>
                    <entry>
                        <key>dbf-user-logical-types</key>
                        <value>false</value>
                    </entry>
                    <entry>
                        <key>compression-format</key>
                        <value>NONE</value>
                    </entry>
                    <entry>
                        <key>dbf-default-precision</key>
                        <value>10</value>
                    </entry>
                    <entry>
                        <key>dbf-default-scale</key>
                        <value>0</value>
                    </entry>
                    <entry>
                        <key>esql-max-rows</key>
                        <value>25</value>
                    </entry>
                    <entry>
                        <key>esql-output-batch-size</key>
                        <value>10</value>
                    </entry>
                </properties>
                <runDurationMillis>0</runDurationMillis>
                <schedulingPeriod>6000 sec</schedulingPeriod>
                <schedulingStrategy>TIMER_DRIVEN</schedulingStrategy>
                <yieldDuration>1 sec</yieldDuration>
            </config>
            <executionNodeRestricted>false</executionNodeRestricted>
            <name>ExecuteSQL</name>
            <relationships>
                <autoTerminate>true</autoTerminate>
                <name>failure</name>
            </relationships>
            <relationships>
                <autoTerminate>false</autoTerminate>
                <name>success</name>
            </relationships>
            <state>STOPPED</state>
            <style/>
            <type>org.apache.nifi.processors.standard.ExecuteSQL</type>
        </processors>
        <processors>
            <id>9ff5096f-9374-3dc7-0000-000000000000</id>
            <parentGroupId>a7627c09-3288-3e53-0000-000000000000</parentGroupId>
            <position>
                <x>1224.9507761001587</x>
                <y>46.57141642977854</y>
            </position>
            <bundle>
                <artifact>nifi-hadoop-nar</artifact>
                <group>org.apache.nifi</group>
                <version>1.9.0.1.0.0.0-90</version>
            </bundle>
            <config>
                <bulletinLevel>WARN</bulletinLevel>
                <comments></comments>
                <concurrentlySchedulableTaskCount>1</concurrentlySchedulableTaskCount>
                <descriptors>
                    <entry>
                        <key>Hadoop Configuration Resources</key>
                        <value>
                            <name>Hadoop Configuration Resources</name>
                        </value>
                    </entry>
                    <entry>
                        <key>kerberos-credentials-service</key>
                        <value>
                            <identifiesControllerService>org.apache.nifi.kerberos.KerberosCredentialsService</identifiesControllerService>
                            <name>kerberos-credentials-service</name>
                        </value>
                    </entry>
                    <entry>
                        <key>Kerberos Principal</key>
                        <value>
                            <name>Kerberos Principal</name>
                        </value>
                    </entry>
                    <entry>
                        <key>Kerberos Keytab</key>
                        <value>
                            <name>Kerberos Keytab</name>
                        </value>
                    </entry>
                    <entry>
                        <key>Kerberos Relogin Period</key>
                        <value>
                            <name>Kerberos Relogin Period</name>
                        </value>
                    </entry>
                    <entry>
                        <key>Additional Classpath Resources</key>
                        <value>
                            <name>Additional Classpath Resources</name>
                        </value>
                    </entry>
                    <entry>
                        <key>Directory</key>
                        <value>
                            <name>Directory</name>
                        </value>
                    </entry>
                    <entry>
                        <key>Conflict Resolution Strategy</key>
                        <value>
                            <name>Conflict Resolution Strategy</name>
                        </value>
                    </entry>
                    <entry>
                        <key>Block Size</key>
                        <value>
                            <name>Block Size</name>
                        </value>
                    </entry>
                    <entry>
                        <key>IO Buffer Size</key>
                        <value>
                            <name>IO Buffer Size</name>
                        </value>
                    </entry>
                    <entry>
                        <key>Replication</key>
                        <value>
                            <name>Replication</name>
                        </value>
                    </entry>
                    <entry>
                        <key>Permissions umask</key>
                        <value>
                            <name>Permissions umask</name>
                        </value>
                    </entry>
                    <entry>
                        <key>Remote Owner</key>
                        <value>
                            <name>Remote Owner</name>
                        </value>
                    </entry>
                    <entry>
                        <key>Remote Group</key>
                        <value>
                            <name>Remote Group</name>
                        </value>
                    </entry>
                    <entry>
                        <key>Compression codec</key>
                        <value>
                            <name>Compression codec</name>
                        </value>
                    </entry>
                </descriptors>
                <executionNode>ALL</executionNode>
                <lossTolerant>false</lossTolerant>
                <penaltyDuration>30 sec</penaltyDuration>
                <properties>
                    <entry>
                        <key>Hadoop Configuration Resources</key>
                        <value>/etc/hadoop/conf/core-site.xml,/etc/hadoop/conf/hdfs-site.xml</value>
                    </entry>
                    <entry>
                        <key>kerberos-credentials-service</key>
                    </entry>
                    <entry>
                        <key>Kerberos Principal</key>
                        <value>nifi/gw1-appcloud.pvt.su150.cazena.com@CAZENA.INTERNAL</value>
                    </entry>
                    <entry>
                        <key>Kerberos Keytab</key>
                        <value>/run/cloudera-scm-agent/process/251-nifi-NIFI_NODE/nifi.keytab</value>
                    </entry>
                    <entry>
                        <key>Kerberos Relogin Period</key>
                        <value>4 hours</value>
                    </entry>
                    <entry>
                        <key>Additional Classpath Resources</key>
                    </entry>
                    <entry>
                        <key>Directory</key>
                        <value>/raw/edw/w_model_d</value>
                    </entry>
                    <entry>
                        <key>Conflict Resolution Strategy</key>
                        <value>fail</value>
                    </entry>
                    <entry>
                        <key>Block Size</key>
                    </entry>
                    <entry>
                        <key>IO Buffer Size</key>
                    </entry>
                    <entry>
                        <key>Replication</key>
                    </entry>
                    <entry>
                        <key>Permissions umask</key>
                    </entry>
                    <entry>
                        <key>Remote Owner</key>
                    </entry>
                    <entry>
                        <key>Remote Group</key>
                    </entry>
                    <entry>
                        <key>Compression codec</key>
                        <value>NONE</value>
                    </entry>
                </properties>
                <runDurationMillis>0</runDurationMillis>
                <schedulingPeriod>0 sec</schedulingPeriod>
                <schedulingStrategy>TIMER_DRIVEN</schedulingStrategy>
                <yieldDuration>1 sec</yieldDuration>
            </config>
            <executionNodeRestricted>false</executionNodeRestricted>
            <name>PutHDFS</name>
            <relationships>
                <autoTerminate>true</autoTerminate>
                <name>failure</name>
            </relationships>
            <relationships>
                <autoTerminate>true</autoTerminate>
                <name>success</name>
            </relationships>
            <state>DISABLED</state>
            <style/>
            <type>org.apache.nifi.processors.hadoop.PutHDFS</type>
        </processors>
        <processors>
            <id>cb8d3de1-d71d-3197-0000-000000000000</id>
            <parentGroupId>a7627c09-3288-3e53-0000-000000000000</parentGroupId>
            <position>
                <x>639.8358499608769</x>
                <y>0.0</y>
            </position>
            <bundle>
                <artifact>nifi-parquet-nar</artifact>
                <group>org.apache.nifi</group>
                <version>1.9.0.1.0.0.0-90</version>
            </bundle>
            <config>
                <bulletinLevel>WARN</bulletinLevel>
                <comments></comments>
                <concurrentlySchedulableTaskCount>1</concurrentlySchedulableTaskCount>
                <descriptors>
                    <entry>
                        <key>compression-type</key>
                        <value>
                            <name>compression-type</name>
                        </value>
                    </entry>
                    <entry>
                        <key>row-group-size</key>
                        <value>
                            <name>row-group-size</name>
                        </value>
                    </entry>
                    <entry>
                        <key>page-size</key>
                        <value>
                            <name>page-size</name>
                        </value>
                    </entry>
                    <entry>
                        <key>dictionary-page-size</key>
                        <value>
                            <name>dictionary-page-size</name>
                        </value>
                    </entry>
                    <entry>
                        <key>max-padding-size</key>
                        <value>
                            <name>max-padding-size</name>
                        </value>
                    </entry>
                    <entry>
                        <key>enable-dictionary-encoding</key>
                        <value>
                            <name>enable-dictionary-encoding</name>
                        </value>
                    </entry>
                    <entry>
                        <key>enable-validation</key>
                        <value>
                            <name>enable-validation</name>
                        </value>
                    </entry>
                    <entry>
                        <key>writer-version</key>
                        <value>
                            <name>writer-version</name>
                        </value>
                    </entry>
                </descriptors>
                <executionNode>ALL</executionNode>
                <lossTolerant>false</lossTolerant>
                <penaltyDuration>30 sec</penaltyDuration>
                <properties>
                    <entry>
                        <key>compression-type</key>
                        <value>GZIP</value>
                    </entry>
                    <entry>
                        <key>row-group-size</key>
                    </entry>
                    <entry>
                        <key>page-size</key>
                    </entry>
                    <entry>
                        <key>dictionary-page-size</key>
                    </entry>
                    <entry>
                        <key>max-padding-size</key>
                    </entry>
                    <entry>
                        <key>enable-dictionary-encoding</key>
                    </entry>
                    <entry>
                        <key>enable-validation</key>
                    </entry>
                    <entry>
                        <key>writer-version</key>
                    </entry>
                </properties>
                <runDurationMillis>0</runDurationMillis>
                <schedulingPeriod>0 sec</schedulingPeriod>
                <schedulingStrategy>TIMER_DRIVEN</schedulingStrategy>
                <yieldDuration>1 sec</yieldDuration>
            </config>
            <executionNodeRestricted>false</executionNodeRestricted>
            <name>ConvertAvroToParquet</name>
            <relationships>
                <autoTerminate>true</autoTerminate>
                <name>failure</name>
            </relationships>
            <relationships>
                <autoTerminate>false</autoTerminate>
                <name>success</name>
            </relationships>
            <state>DISABLED</state>
            <style/>
            <type>org.apache.nifi.processors.parquet.ConvertAvroToParquet</type>
        </processors>
        <processors>
            <id>fa14d735-38fd-37a5-0000-000000000000</id>
            <parentGroupId>a7627c09-3288-3e53-0000-000000000000</parentGroupId>
            <position>
                <x>867.3145728918919</x>
                <y>261.3067410723105</y>
            </position>
            <bundle>
                <artifact>nifi-hadoop-nar</artifact>
                <group>org.apache.nifi</group>
                <version>1.9.0.1.0.0.0-90</version>
            </bundle>
            <config>
                <bulletinLevel>WARN</bulletinLevel>
                <comments></comments>
                <concurrentlySchedulableTaskCount>1</concurrentlySchedulableTaskCount>
                <descriptors>
                    <entry>
                        <key>Hadoop Configuration Resources</key>
                        <value>
                            <name>Hadoop Configuration Resources</name>
                        </value>
                    </entry>
                    <entry>
                        <key>kerberos-credentials-service</key>
                        <value>
                            <identifiesControllerService>org.apache.nifi.kerberos.KerberosCredentialsService</identifiesControllerService>
                            <name>kerberos-credentials-service</name>
                        </value>
                    </entry>
                    <entry>
                        <key>Kerberos Principal</key>
                        <value>
                            <name>Kerberos Principal</name>
                        </value>
                    </entry>
                    <entry>
                        <key>Kerberos Keytab</key>
                        <value>
                            <name>Kerberos Keytab</name>
                        </value>
                    </entry>
                    <entry>
                        <key>Kerberos Relogin Period</key>
                        <value>
                            <name>Kerberos Relogin Period</name>
                        </value>
                    </entry>
                    <entry>
                        <key>Additional Classpath Resources</key>
                        <value>
                            <name>Additional Classpath Resources</name>
                        </value>
                    </entry>
                    <entry>
                        <key>Directory</key>
                        <value>
                            <name>Directory</name>
                        </value>
                    </entry>
                    <entry>
                        <key>Conflict Resolution Strategy</key>
                        <value>
                            <name>Conflict Resolution Strategy</name>
                        </value>
                    </entry>
                    <entry>
                        <key>Block Size</key>
                        <value>
                            <name>Block Size</name>
                        </value>
                    </entry>
                    <entry>
                        <key>IO Buffer Size</key>
                        <value>
                            <name>IO Buffer Size</name>
                        </value>
                    </entry>
                    <entry>
                        <key>Replication</key>
                        <value>
                            <name>Replication</name>
                        </value>
                    </entry>
                    <entry>
                        <key>Permissions umask</key>
                        <value>
                            <name>Permissions umask</name>
                        </value>
                    </entry>
                    <entry>
                        <key>Remote Owner</key>
                        <value>
                            <name>Remote Owner</name>
                        </value>
                    </entry>
                    <entry>
                        <key>Remote Group</key>
                        <value>
                            <name>Remote Group</name>
                        </value>
                    </entry>
                    <entry>
                        <key>Compression codec</key>
                        <value>
                            <name>Compression codec</name>
                        </value>
                    </entry>
                </descriptors>
                <executionNode>ALL</executionNode>
                <lossTolerant>false</lossTolerant>
                <penaltyDuration>30 sec</penaltyDuration>
                <properties>
                    <entry>
                        <key>Hadoop Configuration Resources</key>
                        <value>/etc/hadoop/conf/core-site.xml,/etc/hadoop/conf/hdfs-site.xml</value>
                    </entry>
                    <entry>
                        <key>kerberos-credentials-service</key>
                    </entry>
                    <entry>
                        <key>Kerberos Principal</key>
                        <value>nifi/gw1-appcloud.pvt.su150.cazena.com@CAZENA.INTERNAL</value>
                    </entry>
                    <entry>
                        <key>Kerberos Keytab</key>
                        <value>/run/cloudera-scm-agent/process/251-nifi-NIFI_NODE/nifi.keytab</value>
                    </entry>
                    <entry>
                        <key>Kerberos Relogin Period</key>
                        <value>4 hours</value>
                    </entry>
                    <entry>
                        <key>Additional Classpath Resources</key>
                    </entry>
                    <entry>
                        <key>Directory</key>
                        <value>/raw/edw/w_vehicle_d_06162019</value>
                    </entry>
                    <entry>
                        <key>Conflict Resolution Strategy</key>
                        <value>fail</value>
                    </entry>
                    <entry>
                        <key>Block Size</key>
                    </entry>
                    <entry>
                        <key>IO Buffer Size</key>
                    </entry>
                    <entry>
                        <key>Replication</key>
                    </entry>
                    <entry>
                        <key>Permissions umask</key>
                    </entry>
                    <entry>
                        <key>Remote Owner</key>
                    </entry>
                    <entry>
                        <key>Remote Group</key>
                    </entry>
                    <entry>
                        <key>Compression codec</key>
                        <value>NONE</value>
                    </entry>
                </properties>
                <runDurationMillis>0</runDurationMillis>
                <schedulingPeriod>0 sec</schedulingPeriod>
                <schedulingStrategy>TIMER_DRIVEN</schedulingStrategy>
                <yieldDuration>1 sec</yieldDuration>
            </config>
            <executionNodeRestricted>false</executionNodeRestricted>
            <name>PutHDFS</name>
            <relationships>
                <autoTerminate>true</autoTerminate>
                <name>failure</name>
            </relationships>
            <relationships>
                <autoTerminate>true</autoTerminate>
                <name>success</name>
            </relationships>
            <state>STOPPED</state>
            <style/>
            <type>org.apache.nifi.processors.hadoop.PutHDFS</type>
        </processors>
    </snippet>
    <timestamp>07/11/2019 19:38:15 UTC</timestamp>
</template>
