<?xml version="1.0" encoding="UTF-8" standalone="yes"?>
<template encoding-version="1.2">
    <description></description>
    <groupId>8adb2707-016b-1000-0000-0000502d69cd</groupId>
    <name>Sqoop1</name>
    <snippet>
        <connections>
            <id>4081d97c-eeb0-3cf9-0000-000000000000</id>
            <parentGroupId>e6de994c-9494-39f5-0000-000000000000</parentGroupId>
            <backPressureDataSizeThreshold>1 GB</backPressureDataSizeThreshold>
            <backPressureObjectThreshold>10000</backPressureObjectThreshold>
            <destination>
                <groupId>e6de994c-9494-39f5-0000-000000000000</groupId>
                <id>0841131b-2e5f-37d4-0000-000000000000</id>
                <type>PROCESSOR</type>
            </destination>
            <flowFileExpiration>0 sec</flowFileExpiration>
            <labelIndex>1</labelIndex>
            <loadBalanceCompression>DO_NOT_COMPRESS</loadBalanceCompression>
            <loadBalancePartitionAttribute></loadBalancePartitionAttribute>
            <loadBalanceStatus>LOAD_BALANCE_NOT_CONFIGURED</loadBalanceStatus>
            <loadBalanceStrategy>DO_NOT_LOAD_BALANCE</loadBalanceStrategy>
            <name></name>
            <selectedRelationships>MY_RELATIONSHIP</selectedRelationships>
            <source>
                <groupId>e6de994c-9494-39f5-0000-000000000000</groupId>
                <id>26e462b9-24ee-3773-0000-000000000000</id>
                <type>PROCESSOR</type>
            </source>
            <zIndex>0</zIndex>
        </connections>
        <connections>
            <id>488caaac-dcb5-3db7-0000-000000000000</id>
            <parentGroupId>e6de994c-9494-39f5-0000-000000000000</parentGroupId>
            <backPressureDataSizeThreshold>1 GB</backPressureDataSizeThreshold>
            <backPressureObjectThreshold>10000</backPressureObjectThreshold>
            <destination>
                <groupId>e6de994c-9494-39f5-0000-000000000000</groupId>
                <id>26e462b9-24ee-3773-0000-000000000000</id>
                <type>PROCESSOR</type>
            </destination>
            <flowFileExpiration>0 sec</flowFileExpiration>
            <labelIndex>1</labelIndex>
            <loadBalanceCompression>DO_NOT_COMPRESS</loadBalanceCompression>
            <loadBalancePartitionAttribute></loadBalancePartitionAttribute>
            <loadBalanceStatus>LOAD_BALANCE_NOT_CONFIGURED</loadBalanceStatus>
            <loadBalanceStrategy>DO_NOT_LOAD_BALANCE</loadBalanceStrategy>
            <name></name>
            <selectedRelationships>success</selectedRelationships>
            <source>
                <groupId>e6de994c-9494-39f5-0000-000000000000</groupId>
                <id>7b1b7936-7a3d-3774-0000-000000000000</id>
                <type>PROCESSOR</type>
            </source>
            <zIndex>0</zIndex>
        </connections>
        <connections>
            <id>53a2b1ee-3b9c-3be5-0000-000000000000</id>
            <parentGroupId>e6de994c-9494-39f5-0000-000000000000</parentGroupId>
            <backPressureDataSizeThreshold>1 GB</backPressureDataSizeThreshold>
            <backPressureObjectThreshold>10000</backPressureObjectThreshold>
            <destination>
                <groupId>e6de994c-9494-39f5-0000-000000000000</groupId>
                <id>5ad7cb22-9829-3121-0000-000000000000</id>
                <type>PROCESSOR</type>
            </destination>
            <flowFileExpiration>0 sec</flowFileExpiration>
            <labelIndex>1</labelIndex>
            <loadBalanceCompression>DO_NOT_COMPRESS</loadBalanceCompression>
            <loadBalancePartitionAttribute></loadBalancePartitionAttribute>
            <loadBalanceStatus>LOAD_BALANCE_NOT_CONFIGURED</loadBalanceStatus>
            <loadBalanceStrategy>DO_NOT_LOAD_BALANCE</loadBalanceStrategy>
            <name></name>
            <selectedRelationships>success</selectedRelationships>
            <source>
                <groupId>e6de994c-9494-39f5-0000-000000000000</groupId>
                <id>0841131b-2e5f-37d4-0000-000000000000</id>
                <type>PROCESSOR</type>
            </source>
            <zIndex>0</zIndex>
        </connections>
        <connections>
            <id>97df75af-1965-3d62-0000-000000000000</id>
            <parentGroupId>e6de994c-9494-39f5-0000-000000000000</parentGroupId>
            <backPressureDataSizeThreshold>1 GB</backPressureDataSizeThreshold>
            <backPressureObjectThreshold>10000</backPressureObjectThreshold>
            <destination>
                <groupId>e6de994c-9494-39f5-0000-000000000000</groupId>
                <id>5ad7cb22-9829-3121-0000-000000000000</id>
                <type>PROCESSOR</type>
            </destination>
            <flowFileExpiration>0 sec</flowFileExpiration>
            <labelIndex>1</labelIndex>
            <loadBalanceCompression>DO_NOT_COMPRESS</loadBalanceCompression>
            <loadBalancePartitionAttribute></loadBalancePartitionAttribute>
            <loadBalanceStatus>LOAD_BALANCE_NOT_CONFIGURED</loadBalanceStatus>
            <loadBalanceStrategy>DO_NOT_LOAD_BALANCE</loadBalanceStrategy>
            <name></name>
            <selectedRelationships>success</selectedRelationships>
            <source>
                <groupId>e6de994c-9494-39f5-0000-000000000000</groupId>
                <id>34d30c46-6ae4-3eef-0000-000000000000</id>
                <type>PROCESSOR</type>
            </source>
            <zIndex>0</zIndex>
        </connections>
        <processors>
            <id>0841131b-2e5f-37d4-0000-000000000000</id>
            <parentGroupId>e6de994c-9494-39f5-0000-000000000000</parentGroupId>
            <position>
                <x>668.0</x>
                <y>490.0000343322754</y>
            </position>
            <bundle>
                <artifact>nifi-standard-nar</artifact>
                <group>org.apache.nifi</group>
                <version>1.9.0.1.0.0.0-90</version>
            </bundle>
            <config>
                <bulletinLevel>WARN</bulletinLevel>
                <comments></comments>
                <concurrentlySchedulableTaskCount>1</concurrentlySchedulableTaskCount>
                <descriptors>
                    <entry>
                        <key>Log Level</key>
                        <value>
                            <name>Log Level</name>
                        </value>
                    </entry>
                    <entry>
                        <key>Log Payload</key>
                        <value>
                            <name>Log Payload</name>
                        </value>
                    </entry>
                    <entry>
                        <key>Attributes to Log</key>
                        <value>
                            <name>Attributes to Log</name>
                        </value>
                    </entry>
                    <entry>
                        <key>attributes-to-log-regex</key>
                        <value>
                            <name>attributes-to-log-regex</name>
                        </value>
                    </entry>
                    <entry>
                        <key>Attributes to Ignore</key>
                        <value>
                            <name>Attributes to Ignore</name>
                        </value>
                    </entry>
                    <entry>
                        <key>attributes-to-ignore-regex</key>
                        <value>
                            <name>attributes-to-ignore-regex</name>
                        </value>
                    </entry>
                    <entry>
                        <key>Log prefix</key>
                        <value>
                            <name>Log prefix</name>
                        </value>
                    </entry>
                    <entry>
                        <key>character-set</key>
                        <value>
                            <name>character-set</name>
                        </value>
                    </entry>
                </descriptors>
                <executionNode>ALL</executionNode>
                <lossTolerant>false</lossTolerant>
                <penaltyDuration>30 sec</penaltyDuration>
                <properties>
                    <entry>
                        <key>Log Level</key>
                        <value>info</value>
                    </entry>
                    <entry>
                        <key>Log Payload</key>
                        <value>false</value>
                    </entry>
                    <entry>
                        <key>Attributes to Log</key>
                    </entry>
                    <entry>
                        <key>attributes-to-log-regex</key>
                        <value>.*</value>
                    </entry>
                    <entry>
                        <key>Attributes to Ignore</key>
                    </entry>
                    <entry>
                        <key>attributes-to-ignore-regex</key>
                    </entry>
                    <entry>
                        <key>Log prefix</key>
                    </entry>
                    <entry>
                        <key>character-set</key>
                        <value>UTF-8</value>
                    </entry>
                </properties>
                <runDurationMillis>0</runDurationMillis>
                <schedulingPeriod>0 sec</schedulingPeriod>
                <schedulingStrategy>TIMER_DRIVEN</schedulingStrategy>
                <yieldDuration>1 sec</yieldDuration>
            </config>
            <executionNodeRestricted>false</executionNodeRestricted>
            <name>LogAttribute</name>
            <relationships>
                <autoTerminate>false</autoTerminate>
                <name>success</name>
            </relationships>
            <state>STOPPED</state>
            <style/>
            <type>org.apache.nifi.processors.standard.LogAttribute</type>
        </processors>
        <processors>
            <id>26e462b9-24ee-3773-0000-000000000000</id>
            <parentGroupId>e6de994c-9494-39f5-0000-000000000000</parentGroupId>
            <position>
                <x>322.0</x>
                <y>249.00000381469727</y>
            </position>
            <bundle>
                <artifact>nifi-sqoop-nar</artifact>
                <group>com.rcg.nifi</group>
                <version>1.0-SNAPSHOT</version>
            </bundle>
            <config>
                <bulletinLevel>WARN</bulletinLevel>
                <comments></comments>
                <concurrentlySchedulableTaskCount>1</concurrentlySchedulableTaskCount>
                <descriptors>
                    <entry>
                        <key>MY_PROPERTY</key>
                        <value>
                            <name>MY_PROPERTY</name>
                        </value>
                    </entry>
                </descriptors>
                <executionNode>ALL</executionNode>
                <lossTolerant>false</lossTolerant>
                <penaltyDuration>30 sec</penaltyDuration>
                <properties>
                    <entry>
                        <key>MY_PROPERTY</key>
                        <value>123</value>
                    </entry>
                </properties>
                <runDurationMillis>0</runDurationMillis>
                <schedulingPeriod>600 sec</schedulingPeriod>
                <schedulingStrategy>TIMER_DRIVEN</schedulingStrategy>
                <yieldDuration>1 sec</yieldDuration>
            </config>
            <executionNodeRestricted>false</executionNodeRestricted>
            <name>SqoopProcessor</name>
            <relationships>
                <autoTerminate>false</autoTerminate>
                <name>MY_RELATIONSHIP</name>
            </relationships>
            <state>STOPPED</state>
            <style/>
            <type>com.rcg.nifi.processors.sqoop.SqoopProcessor</type>
        </processors>
        <processors>
            <id>34d30c46-6ae4-3eef-0000-000000000000</id>
            <parentGroupId>e6de994c-9494-39f5-0000-000000000000</parentGroupId>
            <position>
                <x>632.5</x>
                <y>2.0000038146972656</y>
            </position>
            <bundle>
                <artifact>nifi-standard-nar</artifact>
                <group>org.apache.nifi</group>
                <version>1.9.0.1.0.0.0-90</version>
            </bundle>
            <config>
                <bulletinLevel>WARN</bulletinLevel>
                <comments></comments>
                <concurrentlySchedulableTaskCount>1</concurrentlySchedulableTaskCount>
                <descriptors>
                    <entry>
                        <key>File Size</key>
                        <value>
                            <name>File Size</name>
                        </value>
                    </entry>
                    <entry>
                        <key>Batch Size</key>
                        <value>
                            <name>Batch Size</name>
                        </value>
                    </entry>
                    <entry>
                        <key>Data Format</key>
                        <value>
                            <name>Data Format</name>
                        </value>
                    </entry>
                    <entry>
                        <key>Unique FlowFiles</key>
                        <value>
                            <name>Unique FlowFiles</name>
                        </value>
                    </entry>
                    <entry>
                        <key>generate-ff-custom-text</key>
                        <value>
                            <name>generate-ff-custom-text</name>
                        </value>
                    </entry>
                    <entry>
                        <key>character-set</key>
                        <value>
                            <name>character-set</name>
                        </value>
                    </entry>
                </descriptors>
                <executionNode>ALL</executionNode>
                <lossTolerant>false</lossTolerant>
                <penaltyDuration>30 sec</penaltyDuration>
                <properties>
                    <entry>
                        <key>File Size</key>
                        <value>0B</value>
                    </entry>
                    <entry>
                        <key>Batch Size</key>
                        <value>1</value>
                    </entry>
                    <entry>
                        <key>Data Format</key>
                        <value>Text</value>
                    </entry>
                    <entry>
                        <key>Unique FlowFiles</key>
                        <value>false</value>
                    </entry>
                    <entry>
                        <key>generate-ff-custom-text</key>
                    </entry>
                    <entry>
                        <key>character-set</key>
                        <value>UTF-8</value>
                    </entry>
                </properties>
                <runDurationMillis>0</runDurationMillis>
                <schedulingPeriod>0 sec</schedulingPeriod>
                <schedulingStrategy>TIMER_DRIVEN</schedulingStrategy>
                <yieldDuration>300 sec</yieldDuration>
            </config>
            <executionNodeRestricted>false</executionNodeRestricted>
            <name>GenerateFlowFile</name>
            <relationships>
                <autoTerminate>false</autoTerminate>
                <name>success</name>
            </relationships>
            <state>STOPPED</state>
            <style/>
            <type>org.apache.nifi.processors.standard.GenerateFlowFile</type>
        </processors>
        <processors>
            <id>5ad7cb22-9829-3121-0000-000000000000</id>
            <parentGroupId>e6de994c-9494-39f5-0000-000000000000</parentGroupId>
            <position>
                <x>897.0</x>
                <y>213.00003814697266</y>
            </position>
            <bundle>
                <artifact>nifi-hiveloadmask-nar</artifact>
                <group>com.rcg.nifi</group>
                <version>1.0-SNAPSHOT</version>
            </bundle>
            <config>
                <bulletinLevel>WARN</bulletinLevel>
                <comments></comments>
                <concurrentlySchedulableTaskCount>1</concurrentlySchedulableTaskCount>
                <descriptors>
                    <entry>
                        <key>MY_PROPERTY</key>
                        <value>
                            <name>MY_PROPERTY</name>
                        </value>
                    </entry>
                </descriptors>
                <executionNode>ALL</executionNode>
                <lossTolerant>false</lossTolerant>
                <penaltyDuration>30 sec</penaltyDuration>
                <properties>
                    <entry>
                        <key>MY_PROPERTY</key>
                        <value>test</value>
                    </entry>
                </properties>
                <runDurationMillis>0</runDurationMillis>
                <schedulingPeriod>0 sec</schedulingPeriod>
                <schedulingStrategy>TIMER_DRIVEN</schedulingStrategy>
                <yieldDuration>1 sec</yieldDuration>
            </config>
            <executionNodeRestricted>false</executionNodeRestricted>
            <name>HiveLoadMask</name>
            <relationships>
                <autoTerminate>true</autoTerminate>
                <name>MY_RELATIONSHIP</name>
            </relationships>
            <state>STOPPED</state>
            <style/>
            <type>com.rcg.nifi.processors.hiveloadmask.HiveLoadMask</type>
        </processors>
        <processors>
            <id>7b1b7936-7a3d-3774-0000-000000000000</id>
            <parentGroupId>e6de994c-9494-39f5-0000-000000000000</parentGroupId>
            <position>
                <x>0.0</x>
                <y>0.0</y>
            </position>
            <bundle>
                <artifact>nifi-standard-nar</artifact>
                <group>org.apache.nifi</group>
                <version>1.9.0.1.0.0.0-90</version>
            </bundle>
            <config>
                <bulletinLevel>WARN</bulletinLevel>
                <comments></comments>
                <concurrentlySchedulableTaskCount>1</concurrentlySchedulableTaskCount>
                <descriptors>
                    <entry>
                        <key>File Size</key>
                        <value>
                            <name>File Size</name>
                        </value>
                    </entry>
                    <entry>
                        <key>Batch Size</key>
                        <value>
                            <name>Batch Size</name>
                        </value>
                    </entry>
                    <entry>
                        <key>Data Format</key>
                        <value>
                            <name>Data Format</name>
                        </value>
                    </entry>
                    <entry>
                        <key>Unique FlowFiles</key>
                        <value>
                            <name>Unique FlowFiles</name>
                        </value>
                    </entry>
                    <entry>
                        <key>generate-ff-custom-text</key>
                        <value>
                            <name>generate-ff-custom-text</name>
                        </value>
                    </entry>
                    <entry>
                        <key>character-set</key>
                        <value>
                            <name>character-set</name>
                        </value>
                    </entry>
                </descriptors>
                <executionNode>ALL</executionNode>
                <lossTolerant>false</lossTolerant>
                <penaltyDuration>30 sec</penaltyDuration>
                <properties>
                    <entry>
                        <key>File Size</key>
                        <value>0B</value>
                    </entry>
                    <entry>
                        <key>Batch Size</key>
                        <value>1</value>
                    </entry>
                    <entry>
                        <key>Data Format</key>
                        <value>Text</value>
                    </entry>
                    <entry>
                        <key>Unique FlowFiles</key>
                        <value>false</value>
                    </entry>
                    <entry>
                        <key>generate-ff-custom-text</key>
                    </entry>
                    <entry>
                        <key>character-set</key>
                        <value>UTF-8</value>
                    </entry>
                </properties>
                <runDurationMillis>0</runDurationMillis>
                <schedulingPeriod>0 sec</schedulingPeriod>
                <schedulingStrategy>TIMER_DRIVEN</schedulingStrategy>
                <yieldDuration>1 sec</yieldDuration>
            </config>
            <executionNodeRestricted>false</executionNodeRestricted>
            <name>GenerateFlowFile</name>
            <relationships>
                <autoTerminate>false</autoTerminate>
                <name>success</name>
            </relationships>
            <state>STOPPED</state>
            <style/>
            <type>org.apache.nifi.processors.standard.GenerateFlowFile</type>
        </processors>
    </snippet>
    <timestamp>07/11/2019 19:38:41 UTC</timestamp>
</template>
