<?xml version="1.0" encoding="UTF-8" standalone="yes"?>
<template encoding-version="1.2">
    <description></description>
    <groupId>33920d1e-016b-1000-ffff-ffffefc777bd</groupId>
    <name>Streams1</name>
    <snippet>
        <connections>
            <id>3be6bb38-65c0-36b2-0000-000000000000</id>
            <parentGroupId>a17bd290-3364-35f9-0000-000000000000</parentGroupId>
            <backPressureDataSizeThreshold>1 GB</backPressureDataSizeThreshold>
            <backPressureObjectThreshold>10000</backPressureObjectThreshold>
            <destination>
                <groupId>a17bd290-3364-35f9-0000-000000000000</groupId>
                <id>5c637586-5a8b-32dc-0000-000000000000</id>
                <type>PROCESSOR</type>
            </destination>
            <flowFileExpiration>0 sec</flowFileExpiration>
            <labelIndex>1</labelIndex>
            <loadBalanceCompression>DO_NOT_COMPRESS</loadBalanceCompression>
            <loadBalancePartitionAttribute></loadBalancePartitionAttribute>
            <loadBalanceStatus>LOAD_BALANCE_NOT_CONFIGURED</loadBalanceStatus>
            <loadBalanceStrategy>DO_NOT_LOAD_BALANCE</loadBalanceStrategy>
            <name></name>
            <selectedRelationships>success</selectedRelationships>
            <source>
                <groupId>a17bd290-3364-35f9-0000-000000000000</groupId>
                <id>ad7ce5fa-35bb-3a52-0000-000000000000</id>
                <type>PROCESSOR</type>
            </source>
            <zIndex>0</zIndex>
        </connections>
        <connections>
            <id>5407b4dc-1bd4-305d-0000-000000000000</id>
            <parentGroupId>a17bd290-3364-35f9-0000-000000000000</parentGroupId>
            <backPressureDataSizeThreshold>1 GB</backPressureDataSizeThreshold>
            <backPressureObjectThreshold>10000</backPressureObjectThreshold>
            <destination>
                <groupId>a17bd290-3364-35f9-0000-000000000000</groupId>
                <id>e9f7f800-65ef-3edc-0000-000000000000</id>
                <type>PROCESSOR</type>
            </destination>
            <flowFileExpiration>0 sec</flowFileExpiration>
            <labelIndex>1</labelIndex>
            <loadBalanceCompression>DO_NOT_COMPRESS</loadBalanceCompression>
            <loadBalancePartitionAttribute></loadBalancePartitionAttribute>
            <loadBalanceStatus>LOAD_BALANCE_NOT_CONFIGURED</loadBalanceStatus>
            <loadBalanceStrategy>DO_NOT_LOAD_BALANCE</loadBalanceStrategy>
            <name></name>
            <selectedRelationships>success</selectedRelationships>
            <source>
                <groupId>a17bd290-3364-35f9-0000-000000000000</groupId>
                <id>ff117fb3-036e-32ae-0000-000000000000</id>
                <type>PROCESSOR</type>
            </source>
            <zIndex>0</zIndex>
        </connections>
        <connections>
            <id>8ff91006-f392-36f5-0000-000000000000</id>
            <parentGroupId>a17bd290-3364-35f9-0000-000000000000</parentGroupId>
            <backPressureDataSizeThreshold>1 GB</backPressureDataSizeThreshold>
            <backPressureObjectThreshold>10000</backPressureObjectThreshold>
            <destination>
                <groupId>a17bd290-3364-35f9-0000-000000000000</groupId>
                <id>5283a93a-675e-31b5-0000-000000000000</id>
                <type>PROCESSOR</type>
            </destination>
            <flowFileExpiration>0 sec</flowFileExpiration>
            <labelIndex>1</labelIndex>
            <loadBalanceCompression>DO_NOT_COMPRESS</loadBalanceCompression>
            <loadBalancePartitionAttribute></loadBalancePartitionAttribute>
            <loadBalanceStatus>LOAD_BALANCE_NOT_CONFIGURED</loadBalanceStatus>
            <loadBalanceStrategy>DO_NOT_LOAD_BALANCE</loadBalanceStrategy>
            <name></name>
            <selectedRelationships>failure</selectedRelationships>
            <selectedRelationships>merged</selectedRelationships>
            <selectedRelationships>original</selectedRelationships>
            <source>
                <groupId>a17bd290-3364-35f9-0000-000000000000</groupId>
                <id>5c637586-5a8b-32dc-0000-000000000000</id>
                <type>PROCESSOR</type>
            </source>
            <zIndex>0</zIndex>
        </connections>
        <connections>
            <id>9844b1cd-5391-356d-0000-000000000000</id>
            <parentGroupId>a17bd290-3364-35f9-0000-000000000000</parentGroupId>
            <backPressureDataSizeThreshold>1 GB</backPressureDataSizeThreshold>
            <backPressureObjectThreshold>10000</backPressureObjectThreshold>
            <destination>
                <groupId>a17bd290-3364-35f9-0000-000000000000</groupId>
                <id>ad7ce5fa-35bb-3a52-0000-000000000000</id>
                <type>PROCESSOR</type>
            </destination>
            <flowFileExpiration>0 sec</flowFileExpiration>
            <labelIndex>1</labelIndex>
            <loadBalanceCompression>DO_NOT_COMPRESS</loadBalanceCompression>
            <loadBalancePartitionAttribute></loadBalancePartitionAttribute>
            <loadBalanceStatus>LOAD_BALANCE_NOT_CONFIGURED</loadBalanceStatus>
            <loadBalanceStrategy>DO_NOT_LOAD_BALANCE</loadBalanceStrategy>
            <name></name>
            <selectedRelationships>success</selectedRelationships>
            <source>
                <groupId>a17bd290-3364-35f9-0000-000000000000</groupId>
                <id>2390110b-627e-31ba-0000-000000000000</id>
                <type>PROCESSOR</type>
            </source>
            <zIndex>0</zIndex>
        </connections>
        <controllerServices>
            <id>826a7c90-d82d-30bd-0000-000000000000</id>
            <parentGroupId>a17bd290-3364-35f9-0000-000000000000</parentGroupId>
            <bundle>
                <artifact>nifi-ssl-context-service-nar</artifact>
                <group>org.apache.nifi</group>
                <version>1.9.0.1.0.0.0-90</version>
            </bundle>
            <comments></comments>
            <descriptors>
                <entry>
                    <key>Keystore Filename</key>
                    <value>
                        <name>Keystore Filename</name>
                    </value>
                </entry>
                <entry>
                    <key>Keystore Password</key>
                    <value>
                        <name>Keystore Password</name>
                    </value>
                </entry>
                <entry>
                    <key>key-password</key>
                    <value>
                        <name>key-password</name>
                    </value>
                </entry>
                <entry>
                    <key>Keystore Type</key>
                    <value>
                        <name>Keystore Type</name>
                    </value>
                </entry>
                <entry>
                    <key>Truststore Filename</key>
                    <value>
                        <name>Truststore Filename</name>
                    </value>
                </entry>
                <entry>
                    <key>Truststore Password</key>
                    <value>
                        <name>Truststore Password</name>
                    </value>
                </entry>
                <entry>
                    <key>Truststore Type</key>
                    <value>
                        <name>Truststore Type</name>
                    </value>
                </entry>
                <entry>
                    <key>SSL Protocol</key>
                    <value>
                        <name>SSL Protocol</name>
                    </value>
                </entry>
            </descriptors>
            <name>StandardRestrictedSSLContextService</name>
            <persistsState>false</persistsState>
            <properties>
                <entry>
                    <key>Keystore Filename</key>
                    <value>/cazena/cert/cz_server_keystore.jks</value>
                </entry>
                <entry>
                    <key>Keystore Password</key>
                </entry>
                <entry>
                    <key>key-password</key>
                </entry>
                <entry>
                    <key>Keystore Type</key>
                    <value>JKS</value>
                </entry>
                <entry>
                    <key>Truststore Filename</key>
                </entry>
                <entry>
                    <key>Truststore Password</key>
                </entry>
                <entry>
                    <key>Truststore Type</key>
                </entry>
                <entry>
                    <key>SSL Protocol</key>
                    <value>TLS</value>
                </entry>
            </properties>
            <state>ENABLED</state>
            <type>org.apache.nifi.ssl.StandardRestrictedSSLContextService</type>
        </controllerServices>
        <controllerServices>
            <id>87abe5dc-89e4-3a13-0000-000000000000</id>
            <parentGroupId>a17bd290-3364-35f9-0000-000000000000</parentGroupId>
            <bundle>
                <artifact>nifi-record-serialization-services-nar</artifact>
                <group>org.apache.nifi</group>
                <version>1.9.0.1.0.0.0-90</version>
            </bundle>
            <comments></comments>
            <descriptors>
                <entry>
                    <key>Schema Write Strategy</key>
                    <value>
                        <name>Schema Write Strategy</name>
                    </value>
                </entry>
                <entry>
                    <key>schema-cache</key>
                    <value>
                        <identifiesControllerService>org.apache.nifi.serialization.RecordSchemaCacheService</identifiesControllerService>
                        <name>schema-cache</name>
                    </value>
                </entry>
                <entry>
                    <key>schema-access-strategy</key>
                    <value>
                        <name>schema-access-strategy</name>
                    </value>
                </entry>
                <entry>
                    <key>schema-registry</key>
                    <value>
                        <identifiesControllerService>org.apache.nifi.schemaregistry.services.SchemaRegistry</identifiesControllerService>
                        <name>schema-registry</name>
                    </value>
                </entry>
                <entry>
                    <key>schema-name</key>
                    <value>
                        <name>schema-name</name>
                    </value>
                </entry>
                <entry>
                    <key>schema-version</key>
                    <value>
                        <name>schema-version</name>
                    </value>
                </entry>
                <entry>
                    <key>schema-branch</key>
                    <value>
                        <name>schema-branch</name>
                    </value>
                </entry>
                <entry>
                    <key>schema-text</key>
                    <value>
                        <name>schema-text</name>
                    </value>
                </entry>
                <entry>
                    <key>Date Format</key>
                    <value>
                        <name>Date Format</name>
                    </value>
                </entry>
                <entry>
                    <key>Time Format</key>
                    <value>
                        <name>Time Format</name>
                    </value>
                </entry>
                <entry>
                    <key>Timestamp Format</key>
                    <value>
                        <name>Timestamp Format</name>
                    </value>
                </entry>
                <entry>
                    <key>Pretty Print JSON</key>
                    <value>
                        <name>Pretty Print JSON</name>
                    </value>
                </entry>
                <entry>
                    <key>suppress-nulls</key>
                    <value>
                        <name>suppress-nulls</name>
                    </value>
                </entry>
                <entry>
                    <key>output-grouping</key>
                    <value>
                        <name>output-grouping</name>
                    </value>
                </entry>
                <entry>
                    <key>compression-format</key>
                    <value>
                        <name>compression-format</name>
                    </value>
                </entry>
                <entry>
                    <key>compression-level</key>
                    <value>
                        <name>compression-level</name>
                    </value>
                </entry>
            </descriptors>
            <name>JsonRecordSetWriter</name>
            <persistsState>false</persistsState>
            <properties>
                <entry>
                    <key>Schema Write Strategy</key>
                    <value>no-schema</value>
                </entry>
                <entry>
                    <key>schema-cache</key>
                </entry>
                <entry>
                    <key>schema-access-strategy</key>
                    <value>inherit-record-schema</value>
                </entry>
                <entry>
                    <key>schema-registry</key>
                </entry>
                <entry>
                    <key>schema-name</key>
                    <value>${schema.name}</value>
                </entry>
                <entry>
                    <key>schema-version</key>
                </entry>
                <entry>
                    <key>schema-branch</key>
                </entry>
                <entry>
                    <key>schema-text</key>
                    <value>${avro.schema}</value>
                </entry>
                <entry>
                    <key>Date Format</key>
                </entry>
                <entry>
                    <key>Time Format</key>
                </entry>
                <entry>
                    <key>Timestamp Format</key>
                </entry>
                <entry>
                    <key>Pretty Print JSON</key>
                    <value>false</value>
                </entry>
                <entry>
                    <key>suppress-nulls</key>
                    <value>never-suppress</value>
                </entry>
                <entry>
                    <key>output-grouping</key>
                    <value>output-array</value>
                </entry>
                <entry>
                    <key>compression-format</key>
                    <value>none</value>
                </entry>
                <entry>
                    <key>compression-level</key>
                    <value>1</value>
                </entry>
            </properties>
            <state>ENABLED</state>
            <type>org.apache.nifi.json.JsonRecordSetWriter</type>
        </controllerServices>
        <controllerServices>
            <id>8d76e0f6-bdc8-3908-0000-000000000000</id>
            <parentGroupId>a17bd290-3364-35f9-0000-000000000000</parentGroupId>
            <bundle>
                <artifact>nifi-record-serialization-services-nar</artifact>
                <group>org.apache.nifi</group>
                <version>1.9.0.1.0.0.0-90</version>
            </bundle>
            <comments></comments>
            <descriptors>
                <entry>
                    <key>schema-access-strategy</key>
                    <value>
                        <name>schema-access-strategy</name>
                    </value>
                </entry>
                <entry>
                    <key>schema-registry</key>
                    <value>
                        <identifiesControllerService>org.apache.nifi.schemaregistry.services.SchemaRegistry</identifiesControllerService>
                        <name>schema-registry</name>
                    </value>
                </entry>
                <entry>
                    <key>schema-name</key>
                    <value>
                        <name>schema-name</name>
                    </value>
                </entry>
                <entry>
                    <key>schema-version</key>
                    <value>
                        <name>schema-version</name>
                    </value>
                </entry>
                <entry>
                    <key>schema-branch</key>
                    <value>
                        <name>schema-branch</name>
                    </value>
                </entry>
                <entry>
                    <key>schema-text</key>
                    <value>
                        <name>schema-text</name>
                    </value>
                </entry>
                <entry>
                    <key>schema-inference-cache</key>
                    <value>
                        <identifiesControllerService>org.apache.nifi.serialization.RecordSchemaCacheService</identifiesControllerService>
                        <name>schema-inference-cache</name>
                    </value>
                </entry>
                <entry>
                    <key>Date Format</key>
                    <value>
                        <name>Date Format</name>
                    </value>
                </entry>
                <entry>
                    <key>Time Format</key>
                    <value>
                        <name>Time Format</name>
                    </value>
                </entry>
                <entry>
                    <key>Timestamp Format</key>
                    <value>
                        <name>Timestamp Format</name>
                    </value>
                </entry>
            </descriptors>
            <name>JsonTreeReader</name>
            <persistsState>false</persistsState>
            <properties>
                <entry>
                    <key>schema-access-strategy</key>
                    <value>infer-schema</value>
                </entry>
                <entry>
                    <key>schema-registry</key>
                </entry>
                <entry>
                    <key>schema-name</key>
                    <value>${schema.name}</value>
                </entry>
                <entry>
                    <key>schema-version</key>
                </entry>
                <entry>
                    <key>schema-branch</key>
                </entry>
                <entry>
                    <key>schema-text</key>
                    <value>${avro.schema}</value>
                </entry>
                <entry>
                    <key>schema-inference-cache</key>
                </entry>
                <entry>
                    <key>Date Format</key>
                </entry>
                <entry>
                    <key>Time Format</key>
                </entry>
                <entry>
                    <key>Timestamp Format</key>
                </entry>
            </properties>
            <state>ENABLED</state>
            <type>org.apache.nifi.json.JsonTreeReader</type>
        </controllerServices>
        <processors>
            <id>2390110b-627e-31ba-0000-000000000000</id>
            <parentGroupId>a17bd290-3364-35f9-0000-000000000000</parentGroupId>
            <position>
                <x>439.44366455078125</x>
                <y>4.28202211856842</y>
            </position>
            <bundle>
                <artifact>nifi-kafka-0-9-nar</artifact>
                <group>org.apache.nifi</group>
                <version>1.9.0.1.0.0.0-90</version>
            </bundle>
            <config>
                <bulletinLevel>WARN</bulletinLevel>
                <comments></comments>
                <concurrentlySchedulableTaskCount>1</concurrentlySchedulableTaskCount>
                <descriptors>
                    <entry>
                        <key>bootstrap.servers</key>
                        <value>
                            <name>bootstrap.servers</name>
                        </value>
                    </entry>
                    <entry>
                        <key>security.protocol</key>
                        <value>
                            <name>security.protocol</name>
                        </value>
                    </entry>
                    <entry>
                        <key>sasl.kerberos.service.name</key>
                        <value>
                            <name>sasl.kerberos.service.name</name>
                        </value>
                    </entry>
                    <entry>
                        <key>ssl.context.service</key>
                        <value>
                            <identifiesControllerService>org.apache.nifi.ssl.SSLContextService</identifiesControllerService>
                            <name>ssl.context.service</name>
                        </value>
                    </entry>
                    <entry>
                        <key>topic</key>
                        <value>
                            <name>topic</name>
                        </value>
                    </entry>
                    <entry>
                        <key>group.id</key>
                        <value>
                            <name>group.id</name>
                        </value>
                    </entry>
                    <entry>
                        <key>auto.offset.reset</key>
                        <value>
                            <name>auto.offset.reset</name>
                        </value>
                    </entry>
                    <entry>
                        <key>key-attribute-encoding</key>
                        <value>
                            <name>key-attribute-encoding</name>
                        </value>
                    </entry>
                    <entry>
                        <key>message-demarcator</key>
                        <value>
                            <name>message-demarcator</name>
                        </value>
                    </entry>
                    <entry>
                        <key>max.poll.records</key>
                        <value>
                            <name>max.poll.records</name>
                        </value>
                    </entry>
                    <entry>
                        <key>max-uncommit-offset-wait</key>
                        <value>
                            <name>max-uncommit-offset-wait</name>
                        </value>
                    </entry>
                </descriptors>
                <executionNode>ALL</executionNode>
                <lossTolerant>false</lossTolerant>
                <penaltyDuration>30 sec</penaltyDuration>
                <properties>
                    <entry>
                        <key>bootstrap.servers</key>
                        <value>ip-10-8-64-196.pvt.su150.cazena.com:9093</value>
                    </entry>
                    <entry>
                        <key>security.protocol</key>
                        <value>SASL_SSL</value>
                    </entry>
                    <entry>
                        <key>sasl.kerberos.service.name</key>
                        <value>kafka</value>
                    </entry>
                    <entry>
                        <key>ssl.context.service</key>
                        <value>826a7c90-d82d-30bd-0000-000000000000</value>
                    </entry>
                    <entry>
                        <key>topic</key>
                        <value>test4</value>
                    </entry>
                    <entry>
                        <key>group.id</key>
                        <value>nifi-test3-grp</value>
                    </entry>
                    <entry>
                        <key>auto.offset.reset</key>
                        <value>latest</value>
                    </entry>
                    <entry>
                        <key>key-attribute-encoding</key>
                        <value>utf-8</value>
                    </entry>
                    <entry>
                        <key>message-demarcator</key>
                    </entry>
                    <entry>
                        <key>max.poll.records</key>
                        <value>10000</value>
                    </entry>
                    <entry>
                        <key>max-uncommit-offset-wait</key>
                        <value>1 secs</value>
                    </entry>
                </properties>
                <runDurationMillis>0</runDurationMillis>
                <schedulingPeriod>0 sec</schedulingPeriod>
                <schedulingStrategy>TIMER_DRIVEN</schedulingStrategy>
                <yieldDuration>1 sec</yieldDuration>
            </config>
            <executionNodeRestricted>false</executionNodeRestricted>
            <name>ConsumeKafka</name>
            <relationships>
                <autoTerminate>false</autoTerminate>
                <name>success</name>
            </relationships>
            <state>STOPPED</state>
            <style/>
            <type>org.apache.nifi.processors.kafka.pubsub.ConsumeKafka</type>
        </processors>
        <processors>
            <id>5283a93a-675e-31b5-0000-000000000000</id>
            <parentGroupId>a17bd290-3364-35f9-0000-000000000000</parentGroupId>
            <position>
                <x>907.5</x>
                <y>237.50001287460327</y>
            </position>
            <bundle>
                <artifact>nifi-hadoop-nar</artifact>
                <group>org.apache.nifi</group>
                <version>1.9.0.1.0.0.0-90</version>
            </bundle>
            <config>
                <bulletinLevel>WARN</bulletinLevel>
                <comments></comments>
                <concurrentlySchedulableTaskCount>1</concurrentlySchedulableTaskCount>
                <descriptors>
                    <entry>
                        <key>Hadoop Configuration Resources</key>
                        <value>
                            <name>Hadoop Configuration Resources</name>
                        </value>
                    </entry>
                    <entry>
                        <key>kerberos-credentials-service</key>
                        <value>
                            <identifiesControllerService>org.apache.nifi.kerberos.KerberosCredentialsService</identifiesControllerService>
                            <name>kerberos-credentials-service</name>
                        </value>
                    </entry>
                    <entry>
                        <key>Kerberos Principal</key>
                        <value>
                            <name>Kerberos Principal</name>
                        </value>
                    </entry>
                    <entry>
                        <key>Kerberos Keytab</key>
                        <value>
                            <name>Kerberos Keytab</name>
                        </value>
                    </entry>
                    <entry>
                        <key>Kerberos Relogin Period</key>
                        <value>
                            <name>Kerberos Relogin Period</name>
                        </value>
                    </entry>
                    <entry>
                        <key>Additional Classpath Resources</key>
                        <value>
                            <name>Additional Classpath Resources</name>
                        </value>
                    </entry>
                    <entry>
                        <key>Directory</key>
                        <value>
                            <name>Directory</name>
                        </value>
                    </entry>
                    <entry>
                        <key>Conflict Resolution Strategy</key>
                        <value>
                            <name>Conflict Resolution Strategy</name>
                        </value>
                    </entry>
                    <entry>
                        <key>Block Size</key>
                        <value>
                            <name>Block Size</name>
                        </value>
                    </entry>
                    <entry>
                        <key>IO Buffer Size</key>
                        <value>
                            <name>IO Buffer Size</name>
                        </value>
                    </entry>
                    <entry>
                        <key>Replication</key>
                        <value>
                            <name>Replication</name>
                        </value>
                    </entry>
                    <entry>
                        <key>Permissions umask</key>
                        <value>
                            <name>Permissions umask</name>
                        </value>
                    </entry>
                    <entry>
                        <key>Remote Owner</key>
                        <value>
                            <name>Remote Owner</name>
                        </value>
                    </entry>
                    <entry>
                        <key>Remote Group</key>
                        <value>
                            <name>Remote Group</name>
                        </value>
                    </entry>
                    <entry>
                        <key>Compression codec</key>
                        <value>
                            <name>Compression codec</name>
                        </value>
                    </entry>
                </descriptors>
                <executionNode>ALL</executionNode>
                <lossTolerant>false</lossTolerant>
                <penaltyDuration>30 sec</penaltyDuration>
                <properties>
                    <entry>
                        <key>Hadoop Configuration Resources</key>
                        <value>/etc/hadoop/conf/core-site.xml,/etc/hadoop/conf/hdfs-site.xml
</value>
                    </entry>
                    <entry>
                        <key>kerberos-credentials-service</key>
                    </entry>
                    <entry>
                        <key>Kerberos Principal</key>
                        <value>nifi/gw1-appcloud.pvt.su150.cazena.com@CAZENA.INTERNAL</value>
                    </entry>
                    <entry>
                        <key>Kerberos Keytab</key>
                        <value>/run/cloudera-scm-agent/process/251-nifi-NIFI_NODE/nifi.keytab</value>
                    </entry>
                    <entry>
                        <key>Kerberos Relogin Period</key>
                        <value>4 hours</value>
                    </entry>
                    <entry>
                        <key>Additional Classpath Resources</key>
                    </entry>
                    <entry>
                        <key>Directory</key>
                        <value>/raw/kafka</value>
                    </entry>
                    <entry>
                        <key>Conflict Resolution Strategy</key>
                        <value>fail</value>
                    </entry>
                    <entry>
                        <key>Block Size</key>
                    </entry>
                    <entry>
                        <key>IO Buffer Size</key>
                    </entry>
                    <entry>
                        <key>Replication</key>
                    </entry>
                    <entry>
                        <key>Permissions umask</key>
                    </entry>
                    <entry>
                        <key>Remote Owner</key>
                    </entry>
                    <entry>
                        <key>Remote Group</key>
                    </entry>
                    <entry>
                        <key>Compression codec</key>
                        <value>NONE</value>
                    </entry>
                </properties>
                <runDurationMillis>0</runDurationMillis>
                <schedulingPeriod>0 sec</schedulingPeriod>
                <schedulingStrategy>TIMER_DRIVEN</schedulingStrategy>
                <yieldDuration>1 sec</yieldDuration>
            </config>
            <executionNodeRestricted>false</executionNodeRestricted>
            <name>PutHDFS</name>
            <relationships>
                <autoTerminate>true</autoTerminate>
                <name>failure</name>
            </relationships>
            <relationships>
                <autoTerminate>true</autoTerminate>
                <name>success</name>
            </relationships>
            <state>STOPPED</state>
            <style/>
            <type>org.apache.nifi.processors.hadoop.PutHDFS</type>
        </processors>
        <processors>
            <id>5c637586-5a8b-32dc-0000-000000000000</id>
            <parentGroupId>a17bd290-3364-35f9-0000-000000000000</parentGroupId>
            <position>
                <x>449.5</x>
                <y>478.0000057220459</y>
            </position>
            <bundle>
                <artifact>nifi-standard-nar</artifact>
                <group>org.apache.nifi</group>
                <version>1.9.0.1.0.0.0-90</version>
            </bundle>
            <config>
                <bulletinLevel>WARN</bulletinLevel>
                <comments></comments>
                <concurrentlySchedulableTaskCount>1</concurrentlySchedulableTaskCount>
                <descriptors>
                    <entry>
                        <key>record-reader</key>
                        <value>
                            <identifiesControllerService>org.apache.nifi.serialization.RecordReaderFactory</identifiesControllerService>
                            <name>record-reader</name>
                        </value>
                    </entry>
                    <entry>
                        <key>record-writer</key>
                        <value>
                            <identifiesControllerService>org.apache.nifi.serialization.RecordSetWriterFactory</identifiesControllerService>
                            <name>record-writer</name>
                        </value>
                    </entry>
                    <entry>
                        <key>merge-strategy</key>
                        <value>
                            <name>merge-strategy</name>
                        </value>
                    </entry>
                    <entry>
                        <key>correlation-attribute-name</key>
                        <value>
                            <name>correlation-attribute-name</name>
                        </value>
                    </entry>
                    <entry>
                        <key>Attribute Strategy</key>
                        <value>
                            <name>Attribute Strategy</name>
                        </value>
                    </entry>
                    <entry>
                        <key>min-records</key>
                        <value>
                            <name>min-records</name>
                        </value>
                    </entry>
                    <entry>
                        <key>max-records</key>
                        <value>
                            <name>max-records</name>
                        </value>
                    </entry>
                    <entry>
                        <key>min-bin-size</key>
                        <value>
                            <name>min-bin-size</name>
                        </value>
                    </entry>
                    <entry>
                        <key>max-bin-size</key>
                        <value>
                            <name>max-bin-size</name>
                        </value>
                    </entry>
                    <entry>
                        <key>max-bin-age</key>
                        <value>
                            <name>max-bin-age</name>
                        </value>
                    </entry>
                    <entry>
                        <key>max.bin.count</key>
                        <value>
                            <name>max.bin.count</name>
                        </value>
                    </entry>
                </descriptors>
                <executionNode>ALL</executionNode>
                <lossTolerant>false</lossTolerant>
                <penaltyDuration>30 sec</penaltyDuration>
                <properties>
                    <entry>
                        <key>record-reader</key>
                        <value>8d76e0f6-bdc8-3908-0000-000000000000</value>
                    </entry>
                    <entry>
                        <key>record-writer</key>
                        <value>87abe5dc-89e4-3a13-0000-000000000000</value>
                    </entry>
                    <entry>
                        <key>merge-strategy</key>
                        <value>Bin-Packing Algorithm</value>
                    </entry>
                    <entry>
                        <key>correlation-attribute-name</key>
                    </entry>
                    <entry>
                        <key>Attribute Strategy</key>
                        <value>Keep Only Common Attributes</value>
                    </entry>
                    <entry>
                        <key>min-records</key>
                        <value>1</value>
                    </entry>
                    <entry>
                        <key>max-records</key>
                        <value>1000</value>
                    </entry>
                    <entry>
                        <key>min-bin-size</key>
                        <value>0 B</value>
                    </entry>
                    <entry>
                        <key>max-bin-size</key>
                    </entry>
                    <entry>
                        <key>max-bin-age</key>
                    </entry>
                    <entry>
                        <key>max.bin.count</key>
                        <value>10</value>
                    </entry>
                </properties>
                <runDurationMillis>0</runDurationMillis>
                <schedulingPeriod>0 sec</schedulingPeriod>
                <schedulingStrategy>TIMER_DRIVEN</schedulingStrategy>
                <yieldDuration>1 sec</yieldDuration>
            </config>
            <executionNodeRestricted>false</executionNodeRestricted>
            <name>MergeRecord</name>
            <relationships>
                <autoTerminate>false</autoTerminate>
                <name>failure</name>
            </relationships>
            <relationships>
                <autoTerminate>false</autoTerminate>
                <name>merged</name>
            </relationships>
            <relationships>
                <autoTerminate>false</autoTerminate>
                <name>original</name>
            </relationships>
            <state>STOPPED</state>
            <style/>
            <type>org.apache.nifi.processors.standard.MergeRecord</type>
        </processors>
        <processors>
            <id>ad7ce5fa-35bb-3a52-0000-000000000000</id>
            <parentGroupId>a17bd290-3364-35f9-0000-000000000000</parentGroupId>
            <position>
                <x>443.5</x>
                <y>239.99999237060547</y>
            </position>
            <bundle>
                <artifact>nifi-standard-nar</artifact>
                <group>org.apache.nifi</group>
                <version>1.9.0.1.0.0.0-90</version>
            </bundle>
            <config>
                <bulletinLevel>WARN</bulletinLevel>
                <comments></comments>
                <concurrentlySchedulableTaskCount>1</concurrentlySchedulableTaskCount>
                <descriptors>
                    <entry>
                        <key>Log Level</key>
                        <value>
                            <name>Log Level</name>
                        </value>
                    </entry>
                    <entry>
                        <key>Log Payload</key>
                        <value>
                            <name>Log Payload</name>
                        </value>
                    </entry>
                    <entry>
                        <key>Attributes to Log</key>
                        <value>
                            <name>Attributes to Log</name>
                        </value>
                    </entry>
                    <entry>
                        <key>attributes-to-log-regex</key>
                        <value>
                            <name>attributes-to-log-regex</name>
                        </value>
                    </entry>
                    <entry>
                        <key>Attributes to Ignore</key>
                        <value>
                            <name>Attributes to Ignore</name>
                        </value>
                    </entry>
                    <entry>
                        <key>attributes-to-ignore-regex</key>
                        <value>
                            <name>attributes-to-ignore-regex</name>
                        </value>
                    </entry>
                    <entry>
                        <key>Log prefix</key>
                        <value>
                            <name>Log prefix</name>
                        </value>
                    </entry>
                    <entry>
                        <key>character-set</key>
                        <value>
                            <name>character-set</name>
                        </value>
                    </entry>
                </descriptors>
                <executionNode>ALL</executionNode>
                <lossTolerant>false</lossTolerant>
                <penaltyDuration>30 sec</penaltyDuration>
                <properties>
                    <entry>
                        <key>Log Level</key>
                        <value>info</value>
                    </entry>
                    <entry>
                        <key>Log Payload</key>
                        <value>false</value>
                    </entry>
                    <entry>
                        <key>Attributes to Log</key>
                    </entry>
                    <entry>
                        <key>attributes-to-log-regex</key>
                        <value>.*</value>
                    </entry>
                    <entry>
                        <key>Attributes to Ignore</key>
                    </entry>
                    <entry>
                        <key>attributes-to-ignore-regex</key>
                    </entry>
                    <entry>
                        <key>Log prefix</key>
                    </entry>
                    <entry>
                        <key>character-set</key>
                        <value>UTF-8</value>
                    </entry>
                </properties>
                <runDurationMillis>0</runDurationMillis>
                <schedulingPeriod>0 sec</schedulingPeriod>
                <schedulingStrategy>TIMER_DRIVEN</schedulingStrategy>
                <yieldDuration>1 sec</yieldDuration>
            </config>
            <executionNodeRestricted>false</executionNodeRestricted>
            <name>LogAttribute</name>
            <relationships>
                <autoTerminate>false</autoTerminate>
                <name>success</name>
            </relationships>
            <state>STOPPED</state>
            <style/>
            <type>org.apache.nifi.processors.standard.LogAttribute</type>
        </processors>
        <processors>
            <id>e9f7f800-65ef-3edc-0000-000000000000</id>
            <parentGroupId>a17bd290-3364-35f9-0000-000000000000</parentGroupId>
            <position>
                <x>0.0</x>
                <y>240.00000762939453</y>
            </position>
            <bundle>
                <artifact>nifi-kafka-0-9-nar</artifact>
                <group>org.apache.nifi</group>
                <version>1.9.0.1.0.0.0-90</version>
            </bundle>
            <config>
                <bulletinLevel>WARN</bulletinLevel>
                <comments></comments>
                <concurrentlySchedulableTaskCount>1</concurrentlySchedulableTaskCount>
                <descriptors>
                    <entry>
                        <key>bootstrap.servers</key>
                        <value>
                            <name>bootstrap.servers</name>
                        </value>
                    </entry>
                    <entry>
                        <key>security.protocol</key>
                        <value>
                            <name>security.protocol</name>
                        </value>
                    </entry>
                    <entry>
                        <key>sasl.kerberos.service.name</key>
                        <value>
                            <name>sasl.kerberos.service.name</name>
                        </value>
                    </entry>
                    <entry>
                        <key>ssl.context.service</key>
                        <value>
                            <identifiesControllerService>org.apache.nifi.ssl.SSLContextService</identifiesControllerService>
                            <name>ssl.context.service</name>
                        </value>
                    </entry>
                    <entry>
                        <key>topic</key>
                        <value>
                            <name>topic</name>
                        </value>
                    </entry>
                    <entry>
                        <key>acks</key>
                        <value>
                            <name>acks</name>
                        </value>
                    </entry>
                    <entry>
                        <key>kafka-key</key>
                        <value>
                            <name>kafka-key</name>
                        </value>
                    </entry>
                    <entry>
                        <key>key-attribute-encoding</key>
                        <value>
                            <name>key-attribute-encoding</name>
                        </value>
                    </entry>
                    <entry>
                        <key>message-demarcator</key>
                        <value>
                            <name>message-demarcator</name>
                        </value>
                    </entry>
                    <entry>
                        <key>max.request.size</key>
                        <value>
                            <name>max.request.size</name>
                        </value>
                    </entry>
                    <entry>
                        <key>ack.wait.time</key>
                        <value>
                            <name>ack.wait.time</name>
                        </value>
                    </entry>
                    <entry>
                        <key>max.block.ms</key>
                        <value>
                            <name>max.block.ms</name>
                        </value>
                    </entry>
                    <entry>
                        <key>partitioner.class</key>
                        <value>
                            <name>partitioner.class</name>
                        </value>
                    </entry>
                    <entry>
                        <key>compression.type</key>
                        <value>
                            <name>compression.type</name>
                        </value>
                    </entry>
                </descriptors>
                <executionNode>ALL</executionNode>
                <lossTolerant>false</lossTolerant>
                <penaltyDuration>30 sec</penaltyDuration>
                <properties>
                    <entry>
                        <key>bootstrap.servers</key>
                        <value>ip-10-8-64-196.pvt.su150.cazena.com:9093</value>
                    </entry>
                    <entry>
                        <key>security.protocol</key>
                        <value>SASL_SSL</value>
                    </entry>
                    <entry>
                        <key>sasl.kerberos.service.name</key>
                        <value>kafka</value>
                    </entry>
                    <entry>
                        <key>ssl.context.service</key>
                        <value>826a7c90-d82d-30bd-0000-000000000000</value>
                    </entry>
                    <entry>
                        <key>topic</key>
                        <value>test3</value>
                    </entry>
                    <entry>
                        <key>acks</key>
                        <value>0</value>
                    </entry>
                    <entry>
                        <key>kafka-key</key>
                    </entry>
                    <entry>
                        <key>key-attribute-encoding</key>
                        <value>utf-8</value>
                    </entry>
                    <entry>
                        <key>message-demarcator</key>
                    </entry>
                    <entry>
                        <key>max.request.size</key>
                        <value>1 MB</value>
                    </entry>
                    <entry>
                        <key>ack.wait.time</key>
                        <value>5 secs</value>
                    </entry>
                    <entry>
                        <key>max.block.ms</key>
                        <value>5 sec</value>
                    </entry>
                    <entry>
                        <key>partitioner.class</key>
                        <value>org.apache.kafka.clients.producer.internals.DefaultPartitioner</value>
                    </entry>
                    <entry>
                        <key>compression.type</key>
                        <value>none</value>
                    </entry>
                </properties>
                <runDurationMillis>0</runDurationMillis>
                <schedulingPeriod>0 sec</schedulingPeriod>
                <schedulingStrategy>TIMER_DRIVEN</schedulingStrategy>
                <yieldDuration>1 sec</yieldDuration>
            </config>
            <executionNodeRestricted>false</executionNodeRestricted>
            <name>PublishKafka</name>
            <relationships>
                <autoTerminate>true</autoTerminate>
                <name>failure</name>
            </relationships>
            <relationships>
                <autoTerminate>true</autoTerminate>
                <name>success</name>
            </relationships>
            <state>STOPPED</state>
            <style/>
            <type>org.apache.nifi.processors.kafka.pubsub.PublishKafka</type>
        </processors>
        <processors>
            <id>ff117fb3-036e-32ae-0000-000000000000</id>
            <parentGroupId>a17bd290-3364-35f9-0000-000000000000</parentGroupId>
            <position>
                <x>0.5</x>
                <y>0.0</y>
            </position>
            <bundle>
                <artifact>nifi-standard-nar</artifact>
                <group>org.apache.nifi</group>
                <version>1.9.0.1.0.0.0-90</version>
            </bundle>
            <config>
                <bulletinLevel>WARN</bulletinLevel>
                <comments></comments>
                <concurrentlySchedulableTaskCount>1</concurrentlySchedulableTaskCount>
                <descriptors>
                    <entry>
                        <key>File Size</key>
                        <value>
                            <name>File Size</name>
                        </value>
                    </entry>
                    <entry>
                        <key>Batch Size</key>
                        <value>
                            <name>Batch Size</name>
                        </value>
                    </entry>
                    <entry>
                        <key>Data Format</key>
                        <value>
                            <name>Data Format</name>
                        </value>
                    </entry>
                    <entry>
                        <key>Unique FlowFiles</key>
                        <value>
                            <name>Unique FlowFiles</name>
                        </value>
                    </entry>
                    <entry>
                        <key>generate-ff-custom-text</key>
                        <value>
                            <name>generate-ff-custom-text</name>
                        </value>
                    </entry>
                    <entry>
                        <key>character-set</key>
                        <value>
                            <name>character-set</name>
                        </value>
                    </entry>
                </descriptors>
                <executionNode>ALL</executionNode>
                <lossTolerant>false</lossTolerant>
                <penaltyDuration>30 sec</penaltyDuration>
                <properties>
                    <entry>
                        <key>File Size</key>
                        <value>0B</value>
                    </entry>
                    <entry>
                        <key>Batch Size</key>
                        <value>1</value>
                    </entry>
                    <entry>
                        <key>Data Format</key>
                        <value>Text</value>
                    </entry>
                    <entry>
                        <key>Unique FlowFiles</key>
                        <value>false</value>
                    </entry>
                    <entry>
                        <key>generate-ff-custom-text</key>
                    </entry>
                    <entry>
                        <key>character-set</key>
                        <value>UTF-8</value>
                    </entry>
                </properties>
                <runDurationMillis>0</runDurationMillis>
                <schedulingPeriod>5 sec</schedulingPeriod>
                <schedulingStrategy>TIMER_DRIVEN</schedulingStrategy>
                <yieldDuration>1 sec</yieldDuration>
            </config>
            <executionNodeRestricted>false</executionNodeRestricted>
            <name>GenerateFlowFile</name>
            <relationships>
                <autoTerminate>false</autoTerminate>
                <name>success</name>
            </relationships>
            <state>STOPPED</state>
            <style/>
            <type>org.apache.nifi.processors.standard.GenerateFlowFile</type>
        </processors>
    </snippet>
    <timestamp>07/11/2019 19:39:01 UTC</timestamp>
</template>
