<?xml version="1.0" encoding="UTF-8" standalone="yes"?>
<template encoding-version="1.2">
    <description></description>
    <groupId>44d43099-016b-1000-0000-000003595ec3</groupId>
    <name>Vehicle_Historical</name>
    <snippet>
        <connections>
            <id>1c9d1bd0-2e0c-3969-0000-000000000000</id>
            <parentGroupId>74d0a19a-2f90-3d4d-0000-000000000000</parentGroupId>
            <backPressureDataSizeThreshold>1 GB</backPressureDataSizeThreshold>
            <backPressureObjectThreshold>10000</backPressureObjectThreshold>
            <destination>
                <groupId>74d0a19a-2f90-3d4d-0000-000000000000</groupId>
                <id>be017b4c-eda5-364a-0000-000000000000</id>
                <type>PROCESSOR</type>
            </destination>
            <flowFileExpiration>0 sec</flowFileExpiration>
            <labelIndex>1</labelIndex>
            <loadBalanceCompression>DO_NOT_COMPRESS</loadBalanceCompression>
            <loadBalancePartitionAttribute></loadBalancePartitionAttribute>
            <loadBalanceStatus>LOAD_BALANCE_NOT_CONFIGURED</loadBalanceStatus>
            <loadBalanceStrategy>DO_NOT_LOAD_BALANCE</loadBalanceStrategy>
            <name></name>
            <selectedRelationships>success</selectedRelationships>
            <source>
                <groupId>74d0a19a-2f90-3d4d-0000-000000000000</groupId>
                <id>14c0b70b-3bfe-3c5b-0000-000000000000</id>
                <type>PROCESSOR</type>
            </source>
            <zIndex>0</zIndex>
        </connections>
        <connections>
            <id>3c37cf8c-b020-3324-0000-000000000000</id>
            <parentGroupId>74d0a19a-2f90-3d4d-0000-000000000000</parentGroupId>
            <backPressureDataSizeThreshold>1 GB</backPressureDataSizeThreshold>
            <backPressureObjectThreshold>10000</backPressureObjectThreshold>
            <destination>
                <groupId>74d0a19a-2f90-3d4d-0000-000000000000</groupId>
                <id>e050a001-585f-3849-0000-000000000000</id>
                <type>PROCESSOR</type>
            </destination>
            <flowFileExpiration>0 sec</flowFileExpiration>
            <labelIndex>1</labelIndex>
            <loadBalanceCompression>DO_NOT_COMPRESS</loadBalanceCompression>
            <loadBalancePartitionAttribute></loadBalancePartitionAttribute>
            <loadBalanceStatus>LOAD_BALANCE_NOT_CONFIGURED</loadBalanceStatus>
            <loadBalanceStrategy>DO_NOT_LOAD_BALANCE</loadBalanceStrategy>
            <name></name>
            <selectedRelationships>SUCCESS</selectedRelationships>
            <source>
                <groupId>74d0a19a-2f90-3d4d-0000-000000000000</groupId>
                <id>be017b4c-eda5-364a-0000-000000000000</id>
                <type>PROCESSOR</type>
            </source>
            <zIndex>0</zIndex>
        </connections>
        <connections>
            <id>b63fd3cc-f37e-37b6-0000-000000000000</id>
            <parentGroupId>74d0a19a-2f90-3d4d-0000-000000000000</parentGroupId>
            <backPressureDataSizeThreshold>1 GB</backPressureDataSizeThreshold>
            <backPressureObjectThreshold>10000</backPressureObjectThreshold>
            <destination>
                <groupId>74d0a19a-2f90-3d4d-0000-000000000000</groupId>
                <id>544de97a-87d8-33a4-0000-000000000000</id>
                <type>PROCESSOR</type>
            </destination>
            <flowFileExpiration>0 sec</flowFileExpiration>
            <labelIndex>1</labelIndex>
            <loadBalanceCompression>DO_NOT_COMPRESS</loadBalanceCompression>
            <loadBalancePartitionAttribute></loadBalancePartitionAttribute>
            <loadBalanceStatus>LOAD_BALANCE_NOT_CONFIGURED</loadBalanceStatus>
            <loadBalanceStrategy>DO_NOT_LOAD_BALANCE</loadBalanceStrategy>
            <name></name>
            <selectedRelationships>success</selectedRelationships>
            <source>
                <groupId>74d0a19a-2f90-3d4d-0000-000000000000</groupId>
                <id>4b96ced0-95f0-33a8-0000-000000000000</id>
                <type>PROCESSOR</type>
            </source>
            <zIndex>0</zIndex>
        </connections>
        <connections>
            <id>f2bc74a9-cb87-3772-0000-000000000000</id>
            <parentGroupId>74d0a19a-2f90-3d4d-0000-000000000000</parentGroupId>
            <backPressureDataSizeThreshold>1 GB</backPressureDataSizeThreshold>
            <backPressureObjectThreshold>10000</backPressureObjectThreshold>
            <destination>
                <groupId>74d0a19a-2f90-3d4d-0000-000000000000</groupId>
                <id>e176cf55-b9b3-3af4-0000-000000000000</id>
                <type>PROCESSOR</type>
            </destination>
            <flowFileExpiration>0 sec</flowFileExpiration>
            <labelIndex>1</labelIndex>
            <loadBalanceCompression>DO_NOT_COMPRESS</loadBalanceCompression>
            <loadBalancePartitionAttribute></loadBalancePartitionAttribute>
            <loadBalanceStatus>LOAD_BALANCE_NOT_CONFIGURED</loadBalanceStatus>
            <loadBalanceStrategy>DO_NOT_LOAD_BALANCE</loadBalanceStrategy>
            <name></name>
            <selectedRelationships>success</selectedRelationships>
            <source>
                <groupId>74d0a19a-2f90-3d4d-0000-000000000000</groupId>
                <id>e050a001-585f-3849-0000-000000000000</id>
                <type>PROCESSOR</type>
            </source>
            <zIndex>0</zIndex>
        </connections>
        <connections>
            <id>f7ff6954-4d4f-3664-0000-000000000000</id>
            <parentGroupId>74d0a19a-2f90-3d4d-0000-000000000000</parentGroupId>
            <backPressureDataSizeThreshold>1 GB</backPressureDataSizeThreshold>
            <backPressureObjectThreshold>10000</backPressureObjectThreshold>
            <destination>
                <groupId>74d0a19a-2f90-3d4d-0000-000000000000</groupId>
                <id>14c0b70b-3bfe-3c5b-0000-000000000000</id>
                <type>PROCESSOR</type>
            </destination>
            <flowFileExpiration>0 sec</flowFileExpiration>
            <labelIndex>1</labelIndex>
            <loadBalanceCompression>DO_NOT_COMPRESS</loadBalanceCompression>
            <loadBalancePartitionAttribute></loadBalancePartitionAttribute>
            <loadBalanceStatus>LOAD_BALANCE_NOT_CONFIGURED</loadBalanceStatus>
            <loadBalanceStrategy>DO_NOT_LOAD_BALANCE</loadBalanceStrategy>
            <name></name>
            <selectedRelationships>splits</selectedRelationships>
            <source>
                <groupId>74d0a19a-2f90-3d4d-0000-000000000000</groupId>
                <id>544de97a-87d8-33a4-0000-000000000000</id>
                <type>PROCESSOR</type>
            </source>
            <zIndex>0</zIndex>
        </connections>
        <controllerServices>
            <id>24b75c64-4145-3008-0000-000000000000</id>
            <parentGroupId>74d0a19a-2f90-3d4d-0000-000000000000</parentGroupId>
            <bundle>
                <artifact>nifi-record-serialization-services-nar</artifact>
                <group>org.apache.nifi</group>
                <version>1.9.0.1.0.0.0-90</version>
            </bundle>
            <comments></comments>
            <descriptors>
                <entry>
                    <key>Schema Write Strategy</key>
                    <value>
                        <name>Schema Write Strategy</name>
                    </value>
                </entry>
                <entry>
                    <key>schema-cache</key>
                    <value>
                        <identifiesControllerService>org.apache.nifi.serialization.RecordSchemaCacheService</identifiesControllerService>
                        <name>schema-cache</name>
                    </value>
                </entry>
                <entry>
                    <key>schema-access-strategy</key>
                    <value>
                        <name>schema-access-strategy</name>
                    </value>
                </entry>
                <entry>
                    <key>schema-registry</key>
                    <value>
                        <identifiesControllerService>org.apache.nifi.schemaregistry.services.SchemaRegistry</identifiesControllerService>
                        <name>schema-registry</name>
                    </value>
                </entry>
                <entry>
                    <key>schema-name</key>
                    <value>
                        <name>schema-name</name>
                    </value>
                </entry>
                <entry>
                    <key>schema-version</key>
                    <value>
                        <name>schema-version</name>
                    </value>
                </entry>
                <entry>
                    <key>schema-branch</key>
                    <value>
                        <name>schema-branch</name>
                    </value>
                </entry>
                <entry>
                    <key>schema-text</key>
                    <value>
                        <name>schema-text</name>
                    </value>
                </entry>
                <entry>
                    <key>Date Format</key>
                    <value>
                        <name>Date Format</name>
                    </value>
                </entry>
                <entry>
                    <key>Time Format</key>
                    <value>
                        <name>Time Format</name>
                    </value>
                </entry>
                <entry>
                    <key>Timestamp Format</key>
                    <value>
                        <name>Timestamp Format</name>
                    </value>
                </entry>
                <entry>
                    <key>Pretty Print JSON</key>
                    <value>
                        <name>Pretty Print JSON</name>
                    </value>
                </entry>
                <entry>
                    <key>suppress-nulls</key>
                    <value>
                        <name>suppress-nulls</name>
                    </value>
                </entry>
                <entry>
                    <key>output-grouping</key>
                    <value>
                        <name>output-grouping</name>
                    </value>
                </entry>
                <entry>
                    <key>compression-format</key>
                    <value>
                        <name>compression-format</name>
                    </value>
                </entry>
                <entry>
                    <key>compression-level</key>
                    <value>
                        <name>compression-level</name>
                    </value>
                </entry>
            </descriptors>
            <name>JsonRecordSetWriter_VHS</name>
            <persistsState>false</persistsState>
            <properties>
                <entry>
                    <key>Schema Write Strategy</key>
                    <value>no-schema</value>
                </entry>
                <entry>
                    <key>schema-cache</key>
                </entry>
                <entry>
                    <key>schema-access-strategy</key>
                    <value>inherit-record-schema</value>
                </entry>
                <entry>
                    <key>schema-registry</key>
                </entry>
                <entry>
                    <key>schema-name</key>
                    <value>${schema.name}</value>
                </entry>
                <entry>
                    <key>schema-version</key>
                </entry>
                <entry>
                    <key>schema-branch</key>
                </entry>
                <entry>
                    <key>schema-text</key>
                    <value>${avro.schema}</value>
                </entry>
                <entry>
                    <key>Date Format</key>
                </entry>
                <entry>
                    <key>Time Format</key>
                </entry>
                <entry>
                    <key>Timestamp Format</key>
                </entry>
                <entry>
                    <key>Pretty Print JSON</key>
                    <value>false</value>
                </entry>
                <entry>
                    <key>suppress-nulls</key>
                    <value>never-suppress</value>
                </entry>
                <entry>
                    <key>output-grouping</key>
                    <value>output-array</value>
                </entry>
                <entry>
                    <key>compression-format</key>
                    <value>none</value>
                </entry>
                <entry>
                    <key>compression-level</key>
                    <value>1</value>
                </entry>
            </properties>
            <state>ENABLED</state>
            <type>org.apache.nifi.json.JsonRecordSetWriter</type>
        </controllerServices>
        <controllerServices>
            <id>27f9258f-8f20-3769-0000-000000000000</id>
            <parentGroupId>74d0a19a-2f90-3d4d-0000-000000000000</parentGroupId>
            <bundle>
                <artifact>nifi-record-serialization-services-nar</artifact>
                <group>org.apache.nifi</group>
                <version>1.9.0.1.0.0.0-90</version>
            </bundle>
            <comments></comments>
            <descriptors>
                <entry>
                    <key>schema-access-strategy</key>
                    <value>
                        <name>schema-access-strategy</name>
                    </value>
                </entry>
                <entry>
                    <key>schema-registry</key>
                    <value>
                        <identifiesControllerService>org.apache.nifi.schemaregistry.services.SchemaRegistry</identifiesControllerService>
                        <name>schema-registry</name>
                    </value>
                </entry>
                <entry>
                    <key>schema-name</key>
                    <value>
                        <name>schema-name</name>
                    </value>
                </entry>
                <entry>
                    <key>schema-version</key>
                    <value>
                        <name>schema-version</name>
                    </value>
                </entry>
                <entry>
                    <key>schema-branch</key>
                    <value>
                        <name>schema-branch</name>
                    </value>
                </entry>
                <entry>
                    <key>schema-text</key>
                    <value>
                        <name>schema-text</name>
                    </value>
                </entry>
                <entry>
                    <key>csv-reader-csv-parser</key>
                    <value>
                        <name>csv-reader-csv-parser</name>
                    </value>
                </entry>
                <entry>
                    <key>Date Format</key>
                    <value>
                        <name>Date Format</name>
                    </value>
                </entry>
                <entry>
                    <key>Time Format</key>
                    <value>
                        <name>Time Format</name>
                    </value>
                </entry>
                <entry>
                    <key>Timestamp Format</key>
                    <value>
                        <name>Timestamp Format</name>
                    </value>
                </entry>
                <entry>
                    <key>CSV Format</key>
                    <value>
                        <name>CSV Format</name>
                    </value>
                </entry>
                <entry>
                    <key>Value Separator</key>
                    <value>
                        <name>Value Separator</name>
                    </value>
                </entry>
                <entry>
                    <key>Skip Header Line</key>
                    <value>
                        <name>Skip Header Line</name>
                    </value>
                </entry>
                <entry>
                    <key>ignore-csv-header</key>
                    <value>
                        <name>ignore-csv-header</name>
                    </value>
                </entry>
                <entry>
                    <key>Quote Character</key>
                    <value>
                        <name>Quote Character</name>
                    </value>
                </entry>
                <entry>
                    <key>Escape Character</key>
                    <value>
                        <name>Escape Character</name>
                    </value>
                </entry>
                <entry>
                    <key>Comment Marker</key>
                    <value>
                        <name>Comment Marker</name>
                    </value>
                </entry>
                <entry>
                    <key>Null String</key>
                    <value>
                        <name>Null String</name>
                    </value>
                </entry>
                <entry>
                    <key>Trim Fields</key>
                    <value>
                        <name>Trim Fields</name>
                    </value>
                </entry>
                <entry>
                    <key>csvutils-character-set</key>
                    <value>
                        <name>csvutils-character-set</name>
                    </value>
                </entry>
            </descriptors>
            <name>CSVReader_VHS</name>
            <persistsState>false</persistsState>
            <properties>
                <entry>
                    <key>schema-access-strategy</key>
                    <value>csv-header-derived</value>
                </entry>
                <entry>
                    <key>schema-registry</key>
                </entry>
                <entry>
                    <key>schema-name</key>
                    <value>${schema.name}</value>
                </entry>
                <entry>
                    <key>schema-version</key>
                </entry>
                <entry>
                    <key>schema-branch</key>
                </entry>
                <entry>
                    <key>schema-text</key>
                    <value>${avro.schema}</value>
                </entry>
                <entry>
                    <key>csv-reader-csv-parser</key>
                    <value>commons-csv</value>
                </entry>
                <entry>
                    <key>Date Format</key>
                </entry>
                <entry>
                    <key>Time Format</key>
                </entry>
                <entry>
                    <key>Timestamp Format</key>
                </entry>
                <entry>
                    <key>CSV Format</key>
                    <value>custom</value>
                </entry>
                <entry>
                    <key>Value Separator</key>
                    <value>,</value>
                </entry>
                <entry>
                    <key>Skip Header Line</key>
                    <value>true</value>
                </entry>
                <entry>
                    <key>ignore-csv-header</key>
                    <value>false</value>
                </entry>
                <entry>
                    <key>Quote Character</key>
                    <value>"</value>
                </entry>
                <entry>
                    <key>Escape Character</key>
                    <value>\</value>
                </entry>
                <entry>
                    <key>Comment Marker</key>
                </entry>
                <entry>
                    <key>Null String</key>
                </entry>
                <entry>
                    <key>Trim Fields</key>
                    <value>true</value>
                </entry>
                <entry>
                    <key>csvutils-character-set</key>
                    <value>UTF-8</value>
                </entry>
            </properties>
            <state>ENABLED</state>
            <type>org.apache.nifi.csv.CSVReader</type>
        </controllerServices>
        <processors>
            <id>14c0b70b-3bfe-3c5b-0000-000000000000</id>
            <parentGroupId>74d0a19a-2f90-3d4d-0000-000000000000</parentGroupId>
            <position>
                <x>0.0</x>
                <y>478.2367345981526</y>
            </position>
            <bundle>
                <artifact>nifi-standard-nar</artifact>
                <group>org.apache.nifi</group>
                <version>1.9.0.1.0.0.0-90</version>
            </bundle>
            <config>
                <bulletinLevel>WARN</bulletinLevel>
                <comments></comments>
                <concurrentlySchedulableTaskCount>1</concurrentlySchedulableTaskCount>
                <descriptors>
                    <entry>
                        <key>record-reader</key>
                        <value>
                            <identifiesControllerService>org.apache.nifi.serialization.RecordReaderFactory</identifiesControllerService>
                            <name>record-reader</name>
                        </value>
                    </entry>
                    <entry>
                        <key>record-writer</key>
                        <value>
                            <identifiesControllerService>org.apache.nifi.serialization.RecordSetWriterFactory</identifiesControllerService>
                            <name>record-writer</name>
                        </value>
                    </entry>
                    <entry>
                        <key>include-zero-record-flowfiles</key>
                        <value>
                            <name>include-zero-record-flowfiles</name>
                        </value>
                    </entry>
                </descriptors>
                <executionNode>ALL</executionNode>
                <lossTolerant>false</lossTolerant>
                <penaltyDuration>30 sec</penaltyDuration>
                <properties>
                    <entry>
                        <key>record-reader</key>
                        <value>27f9258f-8f20-3769-0000-000000000000</value>
                    </entry>
                    <entry>
                        <key>record-writer</key>
                        <value>24b75c64-4145-3008-0000-000000000000</value>
                    </entry>
                    <entry>
                        <key>include-zero-record-flowfiles</key>
                        <value>true</value>
                    </entry>
                </properties>
                <runDurationMillis>0</runDurationMillis>
                <schedulingPeriod>0 sec</schedulingPeriod>
                <schedulingStrategy>TIMER_DRIVEN</schedulingStrategy>
                <yieldDuration>1 sec</yieldDuration>
            </config>
            <executionNodeRestricted>false</executionNodeRestricted>
            <name>ConvertRecord</name>
            <relationships>
                <autoTerminate>true</autoTerminate>
                <name>failure</name>
            </relationships>
            <relationships>
                <autoTerminate>false</autoTerminate>
                <name>success</name>
            </relationships>
            <state>STOPPED</state>
            <style/>
            <type>org.apache.nifi.processors.standard.ConvertRecord</type>
        </processors>
        <processors>
            <id>4b96ced0-95f0-33a8-0000-000000000000</id>
            <parentGroupId>74d0a19a-2f90-3d4d-0000-000000000000</parentGroupId>
            <position>
                <x>8.632437501297943</x>
                <y>0.0</y>
            </position>
            <bundle>
                <artifact>nifi-standard-nar</artifact>
                <group>org.apache.nifi</group>
                <version>1.9.0.1.0.0.0-90</version>
            </bundle>
            <config>
                <bulletinLevel>WARN</bulletinLevel>
                <comments></comments>
                <concurrentlySchedulableTaskCount>1</concurrentlySchedulableTaskCount>
                <descriptors>
                    <entry>
                        <key>Input Directory</key>
                        <value>
                            <name>Input Directory</name>
                        </value>
                    </entry>
                    <entry>
                        <key>File Filter</key>
                        <value>
                            <name>File Filter</name>
                        </value>
                    </entry>
                    <entry>
                        <key>Path Filter</key>
                        <value>
                            <name>Path Filter</name>
                        </value>
                    </entry>
                    <entry>
                        <key>Batch Size</key>
                        <value>
                            <name>Batch Size</name>
                        </value>
                    </entry>
                    <entry>
                        <key>Keep Source File</key>
                        <value>
                            <name>Keep Source File</name>
                        </value>
                    </entry>
                    <entry>
                        <key>Recurse Subdirectories</key>
                        <value>
                            <name>Recurse Subdirectories</name>
                        </value>
                    </entry>
                    <entry>
                        <key>Polling Interval</key>
                        <value>
                            <name>Polling Interval</name>
                        </value>
                    </entry>
                    <entry>
                        <key>Ignore Hidden Files</key>
                        <value>
                            <name>Ignore Hidden Files</name>
                        </value>
                    </entry>
                    <entry>
                        <key>Minimum File Age</key>
                        <value>
                            <name>Minimum File Age</name>
                        </value>
                    </entry>
                    <entry>
                        <key>Maximum File Age</key>
                        <value>
                            <name>Maximum File Age</name>
                        </value>
                    </entry>
                    <entry>
                        <key>Minimum File Size</key>
                        <value>
                            <name>Minimum File Size</name>
                        </value>
                    </entry>
                    <entry>
                        <key>Maximum File Size</key>
                        <value>
                            <name>Maximum File Size</name>
                        </value>
                    </entry>
                </descriptors>
                <executionNode>ALL</executionNode>
                <lossTolerant>false</lossTolerant>
                <penaltyDuration>30 sec</penaltyDuration>
                <properties>
                    <entry>
                        <key>Input Directory</key>
                        <value>/tmp/vhs_data/splits</value>
                    </entry>
                    <entry>
                        <key>File Filter</key>
                        <value>[^\.].*</value>
                    </entry>
                    <entry>
                        <key>Path Filter</key>
                    </entry>
                    <entry>
                        <key>Batch Size</key>
                        <value>1</value>
                    </entry>
                    <entry>
                        <key>Keep Source File</key>
                        <value>false</value>
                    </entry>
                    <entry>
                        <key>Recurse Subdirectories</key>
                        <value>true</value>
                    </entry>
                    <entry>
                        <key>Polling Interval</key>
                        <value>0 sec</value>
                    </entry>
                    <entry>
                        <key>Ignore Hidden Files</key>
                        <value>false</value>
                    </entry>
                    <entry>
                        <key>Minimum File Age</key>
                        <value>0 sec</value>
                    </entry>
                    <entry>
                        <key>Maximum File Age</key>
                    </entry>
                    <entry>
                        <key>Minimum File Size</key>
                        <value>0 B</value>
                    </entry>
                    <entry>
                        <key>Maximum File Size</key>
                    </entry>
                </properties>
                <runDurationMillis>0</runDurationMillis>
                <schedulingPeriod>0 sec</schedulingPeriod>
                <schedulingStrategy>TIMER_DRIVEN</schedulingStrategy>
                <yieldDuration>1 sec</yieldDuration>
            </config>
            <executionNodeRestricted>false</executionNodeRestricted>
            <name>GetFile</name>
            <relationships>
                <autoTerminate>false</autoTerminate>
                <name>success</name>
            </relationships>
            <state>STOPPED</state>
            <style/>
            <type>org.apache.nifi.processors.standard.GetFile</type>
        </processors>
        <processors>
            <id>544de97a-87d8-33a4-0000-000000000000</id>
            <parentGroupId>74d0a19a-2f90-3d4d-0000-000000000000</parentGroupId>
            <position>
                <x>0.25119759582179313</x>
                <y>267.372667372043</y>
            </position>
            <bundle>
                <artifact>nifi-standard-nar</artifact>
                <group>org.apache.nifi</group>
                <version>1.9.0.1.0.0.0-90</version>
            </bundle>
            <config>
                <bulletinLevel>WARN</bulletinLevel>
                <comments></comments>
                <concurrentlySchedulableTaskCount>1</concurrentlySchedulableTaskCount>
                <descriptors>
                    <entry>
                        <key>Line Split Count</key>
                        <value>
                            <name>Line Split Count</name>
                        </value>
                    </entry>
                    <entry>
                        <key>Maximum Fragment Size</key>
                        <value>
                            <name>Maximum Fragment Size</name>
                        </value>
                    </entry>
                    <entry>
                        <key>Header Line Count</key>
                        <value>
                            <name>Header Line Count</name>
                        </value>
                    </entry>
                    <entry>
                        <key>Header Line Marker Characters</key>
                        <value>
                            <name>Header Line Marker Characters</name>
                        </value>
                    </entry>
                    <entry>
                        <key>Remove Trailing Newlines</key>
                        <value>
                            <name>Remove Trailing Newlines</name>
                        </value>
                    </entry>
                </descriptors>
                <executionNode>ALL</executionNode>
                <lossTolerant>false</lossTolerant>
                <penaltyDuration>30 sec</penaltyDuration>
                <properties>
                    <entry>
                        <key>Line Split Count</key>
                        <value>200</value>
                    </entry>
                    <entry>
                        <key>Maximum Fragment Size</key>
                    </entry>
                    <entry>
                        <key>Header Line Count</key>
                        <value>1</value>
                    </entry>
                    <entry>
                        <key>Header Line Marker Characters</key>
                    </entry>
                    <entry>
                        <key>Remove Trailing Newlines</key>
                        <value>true</value>
                    </entry>
                </properties>
                <runDurationMillis>0</runDurationMillis>
                <schedulingPeriod>0 sec</schedulingPeriod>
                <schedulingStrategy>TIMER_DRIVEN</schedulingStrategy>
                <yieldDuration>1 sec</yieldDuration>
            </config>
            <executionNodeRestricted>false</executionNodeRestricted>
            <name>SplitText</name>
            <relationships>
                <autoTerminate>true</autoTerminate>
                <name>failure</name>
            </relationships>
            <relationships>
                <autoTerminate>true</autoTerminate>
                <name>original</name>
            </relationships>
            <relationships>
                <autoTerminate>false</autoTerminate>
                <name>splits</name>
            </relationships>
            <state>STOPPED</state>
            <style/>
            <type>org.apache.nifi.processors.standard.SplitText</type>
        </processors>
        <processors>
            <id>be017b4c-eda5-364a-0000-000000000000</id>
            <parentGroupId>74d0a19a-2f90-3d4d-0000-000000000000</parentGroupId>
            <position>
                <x>532.6850836614237</x>
                <y>474.7442798614502</y>
            </position>
            <bundle>
                <artifact>nifi-sample-nar</artifact>
                <group>com.soa</group>
                <version>1.0-SNAPSHOT</version>
            </bundle>
            <config>
                <bulletinLevel>WARN</bulletinLevel>
                <comments></comments>
                <concurrentlySchedulableTaskCount>1</concurrentlySchedulableTaskCount>
                <descriptors>
                    <entry>
                        <key>Json Path</key>
                        <value>
                            <name>Json Path</name>
                        </value>
                    </entry>
                </descriptors>
                <executionNode>ALL</executionNode>
                <lossTolerant>false</lossTolerant>
                <penaltyDuration>30 sec</penaltyDuration>
                <properties>
                    <entry>
                        <key>Json Path</key>
                        <value>VIN</value>
                    </entry>
                </properties>
                <runDurationMillis>0</runDurationMillis>
                <schedulingPeriod>0 sec</schedulingPeriod>
                <schedulingStrategy>TIMER_DRIVEN</schedulingStrategy>
                <yieldDuration>1 sec</yieldDuration>
            </config>
            <executionNodeRestricted>false</executionNodeRestricted>
            <name>SOA Encryptor</name>
            <relationships>
                <autoTerminate>false</autoTerminate>
                <name>SUCCESS</name>
            </relationships>
            <state>STOPPED</state>
            <style/>
            <type>com.soa.processors.sample.MyProcessor</type>
        </processors>
        <processors>
            <id>e050a001-585f-3849-0000-000000000000</id>
            <parentGroupId>74d0a19a-2f90-3d4d-0000-000000000000</parentGroupId>
            <position>
                <x>1120.781725201951</x>
                <y>451.2981815338135</y>
            </position>
            <bundle>
                <artifact>nifi-update-attribute-nar</artifact>
                <group>org.apache.nifi</group>
                <version>1.9.0.1.0.0.0-90</version>
            </bundle>
            <config>
                <bulletinLevel>WARN</bulletinLevel>
                <comments></comments>
                <concurrentlySchedulableTaskCount>1</concurrentlySchedulableTaskCount>
                <descriptors>
                    <entry>
                        <key>Delete Attributes Expression</key>
                        <value>
                            <name>Delete Attributes Expression</name>
                        </value>
                    </entry>
                    <entry>
                        <key>Store State</key>
                        <value>
                            <name>Store State</name>
                        </value>
                    </entry>
                    <entry>
                        <key>Stateful Variables Initial Value</key>
                        <value>
                            <name>Stateful Variables Initial Value</name>
                        </value>
                    </entry>
                    <entry>
                        <key>canonical-value-lookup-cache-size</key>
                        <value>
                            <name>canonical-value-lookup-cache-size</name>
                        </value>
                    </entry>
                    <entry>
                        <key>filename</key>
                        <value>
                            <name>filename</name>
                        </value>
                    </entry>
                </descriptors>
                <executionNode>ALL</executionNode>
                <lossTolerant>false</lossTolerant>
                <penaltyDuration>30 sec</penaltyDuration>
                <properties>
                    <entry>
                        <key>Delete Attributes Expression</key>
                    </entry>
                    <entry>
                        <key>Store State</key>
                        <value>Do not store state</value>
                    </entry>
                    <entry>
                        <key>Stateful Variables Initial Value</key>
                    </entry>
                    <entry>
                        <key>canonical-value-lookup-cache-size</key>
                        <value>100</value>
                    </entry>
                    <entry>
                        <key>filename</key>
                        <value>${filename:prepend(${nextInt()}):append('.json')}</value>
                    </entry>
                </properties>
                <runDurationMillis>0</runDurationMillis>
                <schedulingPeriod>0 sec</schedulingPeriod>
                <schedulingStrategy>TIMER_DRIVEN</schedulingStrategy>
                <yieldDuration>1 sec</yieldDuration>
            </config>
            <executionNodeRestricted>false</executionNodeRestricted>
            <name>UpdateAttribute</name>
            <relationships>
                <autoTerminate>false</autoTerminate>
                <name>success</name>
            </relationships>
            <state>STOPPED</state>
            <style/>
            <type>org.apache.nifi.processors.attributes.UpdateAttribute</type>
        </processors>
        <processors>
            <id>e176cf55-b9b3-3af4-0000-000000000000</id>
            <parentGroupId>74d0a19a-2f90-3d4d-0000-000000000000</parentGroupId>
            <position>
                <x>1122.6508396480122</x>
                <y>240.472869447967</y>
            </position>
            <bundle>
                <artifact>nifi-hadoop-nar</artifact>
                <group>org.apache.nifi</group>
                <version>1.9.0.1.0.0.0-90</version>
            </bundle>
            <config>
                <bulletinLevel>WARN</bulletinLevel>
                <comments></comments>
                <concurrentlySchedulableTaskCount>1</concurrentlySchedulableTaskCount>
                <descriptors>
                    <entry>
                        <key>Hadoop Configuration Resources</key>
                        <value>
                            <name>Hadoop Configuration Resources</name>
                        </value>
                    </entry>
                    <entry>
                        <key>kerberos-credentials-service</key>
                        <value>
                            <identifiesControllerService>org.apache.nifi.kerberos.KerberosCredentialsService</identifiesControllerService>
                            <name>kerberos-credentials-service</name>
                        </value>
                    </entry>
                    <entry>
                        <key>Kerberos Principal</key>
                        <value>
                            <name>Kerberos Principal</name>
                        </value>
                    </entry>
                    <entry>
                        <key>Kerberos Keytab</key>
                        <value>
                            <name>Kerberos Keytab</name>
                        </value>
                    </entry>
                    <entry>
                        <key>Kerberos Relogin Period</key>
                        <value>
                            <name>Kerberos Relogin Period</name>
                        </value>
                    </entry>
                    <entry>
                        <key>Additional Classpath Resources</key>
                        <value>
                            <name>Additional Classpath Resources</name>
                        </value>
                    </entry>
                    <entry>
                        <key>Directory</key>
                        <value>
                            <name>Directory</name>
                        </value>
                    </entry>
                    <entry>
                        <key>Conflict Resolution Strategy</key>
                        <value>
                            <name>Conflict Resolution Strategy</name>
                        </value>
                    </entry>
                    <entry>
                        <key>Block Size</key>
                        <value>
                            <name>Block Size</name>
                        </value>
                    </entry>
                    <entry>
                        <key>IO Buffer Size</key>
                        <value>
                            <name>IO Buffer Size</name>
                        </value>
                    </entry>
                    <entry>
                        <key>Replication</key>
                        <value>
                            <name>Replication</name>
                        </value>
                    </entry>
                    <entry>
                        <key>Permissions umask</key>
                        <value>
                            <name>Permissions umask</name>
                        </value>
                    </entry>
                    <entry>
                        <key>Remote Owner</key>
                        <value>
                            <name>Remote Owner</name>
                        </value>
                    </entry>
                    <entry>
                        <key>Remote Group</key>
                        <value>
                            <name>Remote Group</name>
                        </value>
                    </entry>
                    <entry>
                        <key>Compression codec</key>
                        <value>
                            <name>Compression codec</name>
                        </value>
                    </entry>
                </descriptors>
                <executionNode>ALL</executionNode>
                <lossTolerant>false</lossTolerant>
                <penaltyDuration>30 sec</penaltyDuration>
                <properties>
                    <entry>
                        <key>Hadoop Configuration Resources</key>
                        <value>/etc/hadoop/conf/core-site.xml,/etc/hadoop/conf/hdfs-site.xml</value>
                    </entry>
                    <entry>
                        <key>kerberos-credentials-service</key>
                    </entry>
                    <entry>
                        <key>Kerberos Principal</key>
                        <value>nifi/gw1-appcloud.pvt.su150.cazena.com@CAZENA.INTERNAL</value>
                    </entry>
                    <entry>
                        <key>Kerberos Keytab</key>
                        <value>/run/cloudera-scm-agent/process/251-nifi-NIFI_NODE/nifi.keytab</value>
                    </entry>
                    <entry>
                        <key>Kerberos Relogin Period</key>
                        <value>4 hours</value>
                    </entry>
                    <entry>
                        <key>Additional Classpath Resources</key>
                    </entry>
                    <entry>
                        <key>Directory</key>
                        <value>/raw/wireless-car/vhs/2019/6/</value>
                    </entry>
                    <entry>
                        <key>Conflict Resolution Strategy</key>
                        <value>fail</value>
                    </entry>
                    <entry>
                        <key>Block Size</key>
                    </entry>
                    <entry>
                        <key>IO Buffer Size</key>
                    </entry>
                    <entry>
                        <key>Replication</key>
                    </entry>
                    <entry>
                        <key>Permissions umask</key>
                    </entry>
                    <entry>
                        <key>Remote Owner</key>
                    </entry>
                    <entry>
                        <key>Remote Group</key>
                    </entry>
                    <entry>
                        <key>Compression codec</key>
                        <value>NONE</value>
                    </entry>
                </properties>
                <runDurationMillis>0</runDurationMillis>
                <schedulingPeriod>0 sec</schedulingPeriod>
                <schedulingStrategy>TIMER_DRIVEN</schedulingStrategy>
                <yieldDuration>1 sec</yieldDuration>
            </config>
            <executionNodeRestricted>false</executionNodeRestricted>
            <name>PutHDFS</name>
            <relationships>
                <autoTerminate>true</autoTerminate>
                <name>failure</name>
            </relationships>
            <relationships>
                <autoTerminate>true</autoTerminate>
                <name>success</name>
            </relationships>
            <state>DISABLED</state>
            <style/>
            <type>org.apache.nifi.processors.hadoop.PutHDFS</type>
        </processors>
    </snippet>
    <timestamp>07/11/2019 19:37:09 UTC</timestamp>
</template>
